[Licensing::Module] Trying to connect to existing licensing client channel...
Built from '6000.3/respin/6000.3.6f1-732c1ec89f18' branch; Version is '6000.3.6f1 (bbb010bdb8a3) revision 12300304'; Using compiler version '194234433'; Build Type 'Release'
[Licensing::IpcConnector] Successfully connected to: "LicenseClient-alexa" at "2026-05-06T03:58:24.1221846Z"
OS: 'Windows 11  (10.0.26200) Core' Language: 'en' Physical Memory: 14060 MB
BatchMode: 1, IsHumanControllingUs: 0, StartBugReporterOnCrash: 0, Is64bit: 1
System  architecture: x64
Process architecture: x64
Date: 2026-05-06T03:58:24Z

COMMAND LINE ARGUMENTS:
C:\Program Files\Unity\Hub\Editor\6000.3.6f1\Editor\Unity.exe
-adb2
-batchMode
-noUpm
-name
AssetImportWorker1
-projectPath
C:/Users/alexa/Unity/Undergiver
-logFile
Logs/AssetImportWorker1.log
-srvPort
58197
-licensingIpc
LicenseClient-alexa
-job-worker-count
5
-background-job-worker-count
8
-gc-helper-count
1
-name
AssetImport
Successfully changed project path to: C:/Users/alexa/Unity/Undergiver
C:/Users/alexa/Unity/Undergiver
[UnityMemory] Configuration Parameters - Can be set up in boot.config
    "memorysetup-temp-allocator-size-nav-mesh-worker=65536"
    "memorysetup-temp-allocator-size-audio-worker=65536"
    "memorysetup-temp-allocator-size-gfx=262144"
    "memorysetup-allocator-temp-initial-block-size-main=262144"
    "memorysetup-allocator-temp-initial-block-size-worker=262144"
    "memorysetup-temp-allocator-size-background-worker=32768"
    "memorysetup-temp-allocator-size-job-worker=262144"
    "memorysetup-temp-allocator-size-preload-manager=33554432"
    "memorysetup-temp-allocator-size-gi-baking-worker=262144"
    "memorysetup-temp-allocator-size-gi-baking-worker=262144"
    "memorysetup-temp-allocator-size-gi-baking-worker=262144"
    "memorysetup-temp-allocator-size-gi-baking-worker=262144"
    "memorysetup-temp-allocator-size-gi-baking-worker=262144"
    "memorysetup-bucket-allocator-granularity=16"
    "memorysetup-bucket-allocator-bucket-count=8"
    "memorysetup-bucket-allocator-block-size=33554432"
    "memorysetup-bucket-allocator-block-count=8"
    "memorysetup-main-allocator-block-size=16777216"
    "memorysetup-thread-allocator-block-size=16777216"
    "memorysetup-gfx-main-allocator-block-size=16777216"
    "memorysetup-gfx-thread-allocator-block-size=16777216"
    "memorysetup-cache-allocator-block-size=4194304"
    "memorysetup-typetree-allocator-block-size=2097152"
    "memorysetup-profiler-bucket-allocator-granularity=16"
    "memorysetup-profiler-bucket-allocator-bucket-count=8"
    "memorysetup-profiler-bucket-allocator-block-size=33554432"
    "memorysetup-profiler-bucket-allocator-block-count=8"
    "memorysetup-profiler-allocator-block-size=16777216"
    "memorysetup-profiler-editor-allocator-block-size=1048576"
    "memorysetup-temp-allocator-size-main=16777216"
    "memorysetup-job-temp-allocator-block-size=2097152"
    "memorysetup-job-temp-allocator-block-size-background=1048576"
    "memorysetup-job-temp-allocator-reduction-small-platforms=262144"
    "memorysetup-temp-allocator-size-cloud-worker=32768"
Player connection [19568]  Target information:

Player connection [19568]  * "[IP] 172.20.128.1 [Port] 0 [Flags] 2 [Guid] 3806979963 [EditorId] 3806979963 [Version] 1048832 [Id] WindowsEditor(7,Aiez) [Debug] 1 [PackageName] WindowsEditor [ProjectName] Editor" 

Player connection [19568]  * "[IP] 192.168.1.187 [Port] 0 [Flags] 2 [Guid] 3806979963 [EditorId] 3806979963 [Version] 1048832 [Id] WindowsEditor(7,Aiez) [Debug] 1 [PackageName] WindowsEditor [ProjectName] Editor" 

Player connection [19568] Host joined multi-casting on [225.0.0.222:54997]...
Player connection [19568] Host joined alternative multi-casting on [225.0.0.222:34997]...
JobSystem: Creating JobQueue using job-worker-count value 5
Input System module state changed to: Initialized.
[Physics::Module] Initialized fallback backend.
[Physics::Module] Id: 0xdecafbad
Library Redirect Path: Library/
[Physics::Module] Selected backend.
[Physics::Module] Name: PhysX
[Physics::Module] Id: 0xf2b8ea05
[Physics::Module] SDK Version: 4.1.2
[Physics::Module] Integration Version: 1.0.0
[Physics::Module] Threading Mode: Multi-Threaded
Refreshing native plugins compatible for Editor in 13.40 ms, found 3 plugins.
Preloading 0 native plugins for Editor in 0.00 ms.
Initialize engine version: 6000.3.6f1 (bbb010bdb8a3)
[Subsystems] Discovering subsystems at path C:/Program Files/Unity/Hub/Editor/6000.3.6f1/Editor/Data/Resources/UnitySubsystems
[Subsystems] Discovering subsystems at path C:/Users/alexa/Unity/Undergiver/Assets
GfxDevice: creating device client; kGfxThreadingModeNonThreaded
Direct3D:
    Version:  Direct3D 11.0 [level 11.1]
    Renderer: Intel(R) Iris(R) Xe Graphics (ID=0xa7a1)
    Vendor:   Intel
    VRAM:     7030 MB
    Driver:   32.0.101.5542
Initialize mono
Mono path[0] = 'C:/Program Files/Unity/Hub/Editor/6000.3.6f1/Editor/Data/Managed'
Mono path[1] = 'C:/Program Files/Unity/Hub/Editor/6000.3.6f1/Editor/Data/MonoBleedingEdge/lib/mono/unityjit-win32'
Mono config path = 'C:/Program Files/Unity/Hub/Editor/6000.3.6f1/Editor/Data/MonoBleedingEdge/etc'
Using monoOptions --debugger-agent=transport=dt_socket,embedding=1,server=y,suspend=n,address=127.0.0.1:56124
Begin MonoManager ReloadAssembly
Registering precompiled unity dll's ...
Register platform support module: C:/Program Files/Unity/Hub/Editor/6000.3.6f1/Editor/Data/PlaybackEngines/WebGLSupport/UnityEditor.WebGL.Extensions.dll
Register platform support module: C:/Program Files/Unity/Hub/Editor/6000.3.6f1/Editor/Data/PlaybackEngines/WindowsStandaloneSupport/UnityEditor.WindowsStandalone.Extensions.dll
Registered in 0.027197 seconds.
- Loaded All Assemblies, in  4.111 seconds
Native extension for WindowsStandalone target not found
Native extension for WebGL target not found
ScheduleIndexationOnStartup MainProcess:False IndexOnStartup:True
Mono: successfully reloaded assembly
- Finished resetting the current domain, in  2.949 seconds
Domain Reload Profiling: 7019ms
	BeginReloadAssembly (921ms)
		ExecutionOrderSort (0ms)
		DisableScriptedObjects (0ms)
		BackupInstance (0ms)
		ReleaseScriptingObjects (0ms)
		CreateAndSetChildDomain (6ms)
	RebuildCommonClasses (212ms)
	RebuildNativeTypeToScriptingClass (140ms)
	initialDomainReloadingComplete (281ms)
	LoadAllAssembliesAndSetupDomain (2513ms)
		LoadAssemblies (901ms)
		RebuildTransferFunctionScriptingTraits (0ms)
		AnalyzeDomain (2496ms)
			TypeCache.Refresh (2487ms)
				TypeCache.ScanAssembly (2319ms)
			BuildScriptInfoCaches (1ms)
			ResolveRequiredComponents (4ms)
	FinalizeReload (2952ms)
		ReleaseScriptCaches (0ms)
		RebuildScriptCaches (0ms)
		SetupLoadedEditorAssemblies (2644ms)
			LogAssemblyErrors (0ms)
			InitializePlatformSupportModulesInManaged (357ms)
			SetLoadedEditorAssemblies (27ms)
			BeforeProcessingInitializeOnLoad (593ms)
			ProcessInitializeOnLoadAttributes (1211ms)
			ProcessInitializeOnLoadMethodAttributes (454ms)
			AfterProcessingInitializeOnLoad (0ms)
			EditorAssembliesLoaded (1ms)
		ExecutionOrderSort2 (0ms)
		AwakeInstancesAfterBackupRestoration (0ms)
========================================================================
Worker process is ready to serve import requests
Import Worker Mode flag is 0x00
Begin MonoManager ReloadAssembly
[Licensing::Module] Licensing is not yet initialized.
[Licensing::Client] Handshaking with LicensingClient:
  Version:                 1.17.4+4293ba1
  Session Id:              39d46f4ac5174e44a9f5f453e3368c63
  Correlation Id:          7d6526df8a071665b268c90c897fb99b
  External correlation Id: 7206007823772364752
  Machine Id:              KALakR3UYSfpIwFrLvhSstr39kg=
[Licensing::Module] Successfully connected to LicensingClient on channel: "LicenseClient-alexa" (connect: 0.00s, validation: 0.04s, handshake: 14.17s)
[Licensing::IpcConnector] Successfully connected to: "LicenseClient-alexa-notifications" at "2026-05-06T03:58:38.3288521Z"
[Licensing::Module] Licensing Background thread has ended after 14.21s
[Licensing::Module] Licensing is initialized (took 1.96s).
[Licensing::Client] Successfully resolved entitlement details
[Licensing::Module] License group:
  Id: 2475926798419-apr45-UnityProStuXXXX
  Product: Unity Student
  Type: Assigned
  Expiration: 2027-02-02T05:41:18Z
- Loaded All Assemblies, in  5.828 seconds
Refreshing native plugins compatible for Editor in 6.02 ms, found 3 plugins.
Native extension for WindowsStandalone target not found
Native extension for WebGL target not found
Package Manager log level set to [2]
[Package Manager] Failed to launch server process. Reason: Unity was launched with the -noUpm command-line argument
[Package Manager] Unable to send message (not connected to server process).
[Package Manager] Cannot connect to Unity Package Manager local server
ScheduleIndexationOnStartup MainProcess:False IndexOnStartup:True
Mono: successfully reloaded assembly
- Finished resetting the current domain, in  3.017 seconds
Domain Reload Profiling: 8765ms
	BeginReloadAssembly (2925ms)
		ExecutionOrderSort (0ms)
		DisableScriptedObjects (19ms)
		BackupInstance (0ms)
		ReleaseScriptingObjects (0ms)
		CreateAndSetChildDomain (117ms)
	RebuildCommonClasses (173ms)
	RebuildNativeTypeToScriptingClass (47ms)
	initialDomainReloadingComplete (216ms)
	LoadAllAssembliesAndSetupDomain (2386ms)
		LoadAssemblies (1930ms)
		RebuildTransferFunctionScriptingTraits (0ms)
		AnalyzeDomain (1103ms)
			TypeCache.Refresh (674ms)
				TypeCache.ScanAssembly (610ms)
			BuildScriptInfoCaches (380ms)
			ResolveRequiredComponents (37ms)
	FinalizeReload (3018ms)
		ReleaseScriptCaches (0ms)
		RebuildScriptCaches (0ms)
		SetupLoadedEditorAssemblies (2048ms)
			LogAssemblyErrors (0ms)
			InitializePlatformSupportModulesInManaged (9ms)
			SetLoadedEditorAssemblies (22ms)
			BeforeProcessingInitializeOnLoad (503ms)
			ProcessInitializeOnLoadAttributes (1295ms)
			ProcessInitializeOnLoadMethodAttributes (193ms)
			AfterProcessingInitializeOnLoad (26ms)
			EditorAssembliesLoaded (1ms)
		ExecutionOrderSort2 (0ms)
		AwakeInstancesAfterBackupRestoration (13ms)
Launched and connected shader compiler UnityShaderCompiler.exe after 0.05 seconds
Refreshing native plugins compatible for Editor in 4.39 ms, found 3 plugins.
Preloading 0 native plugins for Editor in 0.00 ms.
Unloading 16 Unused Serialized files (Serialized files now loaded: 0)
Unloading 6430 unused Assets / (3.2 MB). Loaded Objects now: 7246.
Memory consumption went from 147.2 MB to 144.0 MB.
Total: 27.081400 ms (FindLiveObjects: 2.473300 ms CreateObjectMapping: 2.037000 ms MarkObjects: 16.931700 ms  DeleteObjects: 5.627900 ms)

========================================================================
Received Import Request.
  Time since last request: 131241.937784 seconds.
  path: Assets/TextMesh Pro/Shaders/TMP_SDF.shader
  artifactKey: Guid(68e6db2ebdc24f95958faec2be5558d6) Importer(2089858483,b0f066a214c2f5e87bad3c948f4d605d)
Start importing Assets/TextMesh Pro/Shaders/TMP_SDF.shader using Guid(68e6db2ebdc24f95958faec2be5558d6) Importer(2089858483,b0f066a214c2f5e87bad3c948f4d605d) (ScriptedImporter) -> (artifact id: '8f71e274bb6d3418a0fd9f2e55e117fe') in 0.2370182 seconds
Number of updated asset objects reloaded before import = 0Number of asset objects unloaded after import = 1

========================================================================
Received Import Request.
  Time since last request: 0.000069 seconds.
  path: Assets/TextMesh Pro/Fonts/LiberationSans.ttf
  artifactKey: Guid(e3265ab4bf004d28a9537516768c1c75) Importer(2089858483,b0f066a214c2f5e87bad3c948f4d605d)
Start importing Assets/TextMesh Pro/Fonts/LiberationSans.ttf using Guid(e3265ab4bf004d28a9537516768c1c75) Importer(2089858483,b0f066a214c2f5e87bad3c948f4d605d) (ScriptedImporter) -> (artifact id: '9da9791dd395177a41a446ff40b65088') in 0.0792987 seconds
Number of updated asset objects reloaded before import = 0Number of asset objects unloaded after import = 3

========================================================================
Received Import Request.
  Time since last request: 0.000086 seconds.
  path: Assets/Prefabs/UI/CharacterDialog.prefab
  artifactKey: Guid(1db35dc38619f1449aab9f54c01fe32c) Importer(2089858483,b0f066a214c2f5e87bad3c948f4d605d)
Start importing Assets/Prefabs/UI/CharacterDialog.prefab using Guid(1db35dc38619f1449aab9f54c01fe32c) Importer(2089858483,b0f066a214c2f5e87bad3c948f4d605d) (ScriptedImporter) -> (artifact id: 'b6fe0259be4c54cb1facdc5f01ad5534') in 0.1686651 seconds
Number of updated asset objects reloaded before import = 0Number of asset objects unloaded after import = 23

========================================================================
Received Import Request.
  Time since last request: 0.000055 seconds.
  path: Assets/Models/Gravestones&Coffins/grave.fbx
  artifactKey: Guid(db718d7013651aa4caf8273fae447d1e) Importer(2089858483,b0f066a214c2f5e87bad3c948f4d605d)
Start importing Assets/Models/Gravestones&Coffins/grave.fbx using Guid(db718d7013651aa4caf8273fae447d1e) Importer(2089858483,b0f066a214c2f5e87bad3c948f4d605d) (ScriptedImporter) -> (artifact id: 'd37a7875c91354f06557a108e67988fd') in 0.1431555 seconds
Number of updated asset objects reloaded before import = 0Number of asset objects unloaded after import = 9

========================================================================
Received Import Request.
  Time since last request: 0.000073 seconds.
  path: Assets/Prefabs/Gate/stone-wall.prefab
  artifactKey: Guid(70d42b03569b22949a5dcf5cac476ed1) Importer(2089858483,b0f066a214c2f5e87bad3c948f4d605d)
Start importing Assets/Prefabs/Gate/stone-wall.prefab using Guid(70d42b03569b22949a5dcf5cac476ed1) Importer(2089858483,b0f066a214c2f5e87bad3c948f4d605d) (ScriptedImporter) -> (artifact id: 'fa5f0cf70e3d9240847f22971ae04476') in 0.0323323 seconds
Number of updated asset objects reloaded before import = 0Number of asset objects unloaded after import = 15

========================================================================
Received Import Request.
  Time since last request: 0.000070 seconds.
  path: Assets/Models/Gates/iron-fence-border-column.fbx
  artifactKey: Guid(a780ed6b632480746b58a730a7f533c2) Importer(2089858483,b0f066a214c2f5e87bad3c948f4d605d)
Start importing Assets/Models/Gates/iron-fence-border-column.fbx using Guid(a780ed6b632480746b58a730a7f533c2) Importer(2089858483,b0f066a214c2f5e87bad3c948f4d605d) (ScriptedImporter) -> (artifact id: '6a6680ac9ccd40bf547a1ceacaba0a7a') in 0.0327406 seconds
Number of updated asset objects reloaded before import = 0Number of asset objects unloaded after import = 9

========================================================================
Received Import Request.
  Time since last request: 0.000054 seconds.
  path: Assets/Textures&Materials/Dirt Path/medievalTile_01.png
  artifactKey: Guid(9271a6217068101449d7f44c088bf586) Importer(2089858483,b0f066a214c2f5e87bad3c948f4d605d)
Start importing Assets/Textures&Materials/Dirt Path/medievalTile_01.png using Guid(9271a6217068101449d7f44c088bf586) Importer(2089858483,b0f066a214c2f5e87bad3c948f4d605d) (ScriptedImporter) -> (artifact id: '7602aceba9cfaab59cc5ec62730dd479') in 0.0877087 seconds
Number of updated asset objects reloaded before import = 0Number of asset objects unloaded after import = 1

========================================================================
Received Import Request.
  Time since last request: 0.000070 seconds.
  path: Assets/Textures&Materials/Grass Path/medievalTile_57.png
  artifactKey: Guid(1e1134facfd3a034183533007245309d) Importer(2089858483,b0f066a214c2f5e87bad3c948f4d605d)
Start importing Assets/Textures&Materials/Grass Path/medievalTile_57.png using Guid(1e1134facfd3a034183533007245309d) Importer(2089858483,b0f066a214c2f5e87bad3c948f4d605d) (ScriptedImporter) -> (artifact id: '76c3fe1f9c2779eb757bd17f3e7cc326') in 0.0147801 seconds
Number of updated asset objects reloaded before import = 0Number of asset objects unloaded after import = 1

========================================================================
Received Import Request.
  Time since last request: 0.000031 seconds.
  path: Assets/Prefabs/Crypts/CryptHouseLarge.prefab
  artifactKey: Guid(c00cb3a3b233de0459910249e35c0aa0) Importer(2089858483,b0f066a214c2f5e87bad3c948f4d605d)
Start importing Assets/Prefabs/Crypts/CryptHouseLarge.prefab using Guid(c00cb3a3b233de0459910249e35c0aa0) Importer(2089858483,b0f066a214c2f5e87bad3c948f4d605d) (ScriptedImporter) -> (artifact id: 'e0d6b7df1ee044f0fadb509499044cb8') in 0.0172289 seconds
Number of updated asset objects reloaded before import = 0Number of asset objects unloaded after import = 16

========================================================================
Received Import Request.
  Time since last request: 0.000057 seconds.
  path: Assets/UI/Fonts/MagicSchoolOne-ovYz.ttf
  artifactKey: Guid(cef2bee7714f6984aab3edf1831898a4) Importer(2089858483,b0f066a214c2f5e87bad3c948f4d605d)
Start importing Assets/UI/Fonts/MagicSchoolOne-ovYz.ttf using Guid(cef2bee7714f6984aab3edf1831898a4) Importer(2089858483,b0f066a214c2f5e87bad3c948f4d605d) (ScriptedImporter) -> (artifact id: '650ff2469b63c0574c8a2aa610ef8eda') in 0.0185034 seconds
Number of updated asset objects reloaded before import = 0Number of asset objects unloaded after import = 3

========================================================================
Received Import Request.
  Time since last request: 0.000067 seconds.
  path: Assets/Prefabs/Graves/Grave1.prefab
  artifactKey: Guid(5a7ac4fceb0a6e84ea1819953280c43b) Importer(2089858483,b0f066a214c2f5e87bad3c948f4d605d)
Start importing Assets/Prefabs/Graves/Grave1.prefab using Guid(5a7ac4fceb0a6e84ea1819953280c43b) Importer(2089858483,b0f066a214c2f5e87bad3c948f4d605d) (ScriptedImporter) -> (artifact id: '1ab6d4c389b8c22ff5912244061708e9') in 0.0180808 seconds
Number of updated asset objects reloaded before import = 0Number of asset objects unloaded after import = 33

========================================================================
Received Import Request.
  Time since last request: 0.000052 seconds.
  path: Assets/Models/Characters/character-ghost.fbx
  artifactKey: Guid(a51f52645b120fb4c809f3c5ae4f15a1) Importer(2089858483,b0f066a214c2f5e87bad3c948f4d605d)
Start importing Assets/Models/Characters/character-ghost.fbx using Guid(a51f52645b120fb4c809f3c5ae4f15a1) Importer(2089858483,b0f066a214c2f5e87bad3c948f4d605d) (ScriptedImporter) -> (artifact id: 'a69691209e94150e44c58638ab6ebae8') in 0.1679948 seconds
Number of updated asset objects reloaded before import = 0Number of asset objects unloaded after import = 55

========================================================================
Received Import Request.
  Time since last request: 0.000061 seconds.
  path: Assets/Unity Assets/ModularFirstPersonController/DemoScene/Demo.unity
  artifactKey: Guid(9fc0d4010bbf28b4594072e72b8655ab) Importer(2089858483,b0f066a214c2f5e87bad3c948f4d605d)
Start importing Assets/Unity Assets/ModularFirstPersonController/DemoScene/Demo.unity using Guid(9fc0d4010bbf28b4594072e72b8655ab) Importer(2089858483,b0f066a214c2f5e87bad3c948f4d605d) (ScriptedImporter) -> (artifact id: '7df435dee562dcee33540312857a979f') in 0.0178062 seconds
Number of updated asset objects reloaded before import = 0Number of asset objects unloaded after import = 1

========================================================================
Received Import Request.
  Time since last request: 0.000189 seconds.
  path: Assets/UI/Icons/Heart Health.png
  artifactKey: Guid(166438f5e76644f4192865a11eddd403) Importer(2089858483,b0f066a214c2f5e87bad3c948f4d605d)
Start importing Assets/UI/Icons/Heart Health.png using Guid(166438f5e76644f4192865a11eddd403) Importer(2089858483,b0f066a214c2f5e87bad3c948f4d605d) (ScriptedImporter) -> (artifact id: '9e2465a13c3e24f5a3f75c9f088e2fbf') in 0.051386 seconds
Number of updated asset objects reloaded before import = 0Number of asset objects unloaded after import = 3

========================================================================
Received Import Request.
  Time since last request: 0.000045 seconds.
  path: Assets/TutorialInfo/Layout.wlt
  artifactKey: Guid(eabc9546105bf4accac1fd62a63e88e6) Importer(2089858483,b0f066a214c2f5e87bad3c948f4d605d)
Start importing Assets/TutorialInfo/Layout.wlt using Guid(eabc9546105bf4accac1fd62a63e88e6) Importer(2089858483,b0f066a214c2f5e87bad3c948f4d605d) (ScriptedImporter) -> (artifact id: '5a97b133eb1be5859729c6b9ab9bb659') in 0.0100941 seconds
Number of updated asset objects reloaded before import = 0Number of asset objects unloaded after import = 1

========================================================================
Received Import Request.
  Time since last request: 0.000037 seconds.
  path: Assets/Unity Assets/TsukyKheeta/Demo Scene.unity
  artifactKey: Guid(883d89fd0b8fc7444bf815af64678f64) Importer(2089858483,b0f066a214c2f5e87bad3c948f4d605d)
Start importing Assets/Unity Assets/TsukyKheeta/Demo Scene.unity using Guid(883d89fd0b8fc7444bf815af64678f64) Importer(2089858483,b0f066a214c2f5e87bad3c948f4d605d) (ScriptedImporter) -> (artifact id: 'aa92802e4e31f1c845bedd45941293f8') in 0.0165926 seconds
Number of updated asset objects reloaded before import = 0Number of asset objects unloaded after import = 1

========================================================================
Received Import Request.
  Time since last request: 0.000052 seconds.
  path: Assets/UI/Panels/panel_beige.png
  artifactKey: Guid(bb9bda6b92d3cf04696d47c03df6dafa) Importer(2089858483,b0f066a214c2f5e87bad3c948f4d605d)
Start importing Assets/UI/Panels/panel_beige.png using Guid(bb9bda6b92d3cf04696d47c03df6dafa) Importer(2089858483,b0f066a214c2f5e87bad3c948f4d605d) (ScriptedImporter) -> (artifact id: 'f49809ea9e84f55ebd61a3f7312d5681') in 0.021506 seconds
Number of updated asset objects reloaded before import = 0Number of asset objects unloaded after import = 3

========================================================================
Received Import Request.
  Time since last request: 0.000043 seconds.
  path: Assets/UI/Icons/Pause 1.png
  artifactKey: Guid(c3ab6314ed8a9174e957d5f24e378e73) Importer(2089858483,b0f066a214c2f5e87bad3c948f4d605d)
Start importing Assets/UI/Icons/Pause 1.png using Guid(c3ab6314ed8a9174e957d5f24e378e73) Importer(2089858483,b0f066a214c2f5e87bad3c948f4d605d) (ScriptedImporter) -> (artifact id: '4aea3afd762a0472918a8c1790599ea3') in 0.025914 seconds
Number of updated asset objects reloaded before import = 0Number of asset objects unloaded after import = 3

========================================================================
Received Import Request.
  Time since last request: 0.000048 seconds.
  path: Assets/Models/Crypts/crypt-b.fbx
  artifactKey: Guid(5d6f8b0a7b5da3e4b98aaaf907526b37) Importer(2089858483,b0f066a214c2f5e87bad3c948f4d605d)
Start importing Assets/Models/Crypts/crypt-b.fbx using Guid(5d6f8b0a7b5da3e4b98aaaf907526b37) Importer(2089858483,b0f066a214c2f5e87bad3c948f4d605d) (ScriptedImporter) -> (artifact id: '5915568a0bc7bbb93c5ba86bc47a0fbe') in 0.0300228 seconds
Number of updated asset objects reloaded before import = 0Number of asset objects unloaded after import = 9

========================================================================
Received Import Request.
  Time since last request: 0.000066 seconds.
  path: Assets/TextMesh Pro/Shaders/TMP_SDF-URP Unlit.shadergraph
  artifactKey: Guid(124c112a6e8f1a54e8b0870e881b56d8) Importer(2089858483,b0f066a214c2f5e87bad3c948f4d605d)
Start importing Assets/TextMesh Pro/Shaders/TMP_SDF-URP Unlit.shadergraph using Guid(124c112a6e8f1a54e8b0870e881b56d8) Importer(2089858483,b0f066a214c2f5e87bad3c948f4d605d) (ScriptedImporter) -> (artifact id: 'bc5d9c2fc5d3592bbdab45933097b54a') in 0.0483633 seconds
Number of updated asset objects reloaded before import = 0Number of asset objects unloaded after import = 4

========================================================================
Received Import Request.
  Time since last request: 0.000038 seconds.
  path: Assets/Settings/Mobile_RPAsset.asset
  artifactKey: Guid(5e6cbd92db86f4b18aec3ed561671858) Importer(2089858483,b0f066a214c2f5e87bad3c948f4d605d)
Start importing Assets/Settings/Mobile_RPAsset.asset using Guid(5e6cbd92db86f4b18aec3ed561671858) Importer(2089858483,b0f066a214c2f5e87bad3c948f4d605d) (ScriptedImporter) -> (artifact id: '1e9e9bbb38ea4a1d2123199ad7692529') in 0.1118116 seconds
Number of updated asset objects reloaded before import = 0Number of asset objects unloaded after import = 2

========================================================================
Received Import Request.
  Time since last request: 0.000044 seconds.
  path: Assets/Models/Crypts/crypt.fbx
  artifactKey: Guid(07dc8c32ad71ae4438928393d1748fde) Importer(2089858483,b0f066a214c2f5e87bad3c948f4d605d)
Start importing Assets/Models/Crypts/crypt.fbx using Guid(07dc8c32ad71ae4438928393d1748fde) Importer(2089858483,b0f066a214c2f5e87bad3c948f4d605d) (ScriptedImporter) -> (artifact id: 'abb322b7a6cb831deb2705e243e0c9b2') in 0.0315421 seconds
Number of updated asset objects reloaded before import = 0Number of asset objects unloaded after import = 9

========================================================================
Received Import Request.
  Time since last request: 0.000063 seconds.
  path: Assets/Scripts/ThrowPotion.cs
  artifactKey: Guid(9bce6bd6a74563a498014a54078b322e) Importer(2089858483,b0f066a214c2f5e87bad3c948f4d605d)
Start importing Assets/Scripts/ThrowPotion.cs using Guid(9bce6bd6a74563a498014a54078b322e) Importer(2089858483,b0f066a214c2f5e87bad3c948f4d605d) (ScriptedImporter) -> (artifact id: 'fe6eb0d4325a030400f5cdac7506ff94') in 0.0132966 seconds
Number of updated asset objects reloaded before import = 0Number of asset objects unloaded after import = 0

========================================================================
Received Import Request.
  Time since last request: 0.000042 seconds.
  path: Assets/TextMesh Pro/Resources/Fonts & Materials/LiberationSans SDF.asset
  artifactKey: Guid(8f586378b4e144a9851e7b34d9b748ee) Importer(2089858483,b0f066a214c2f5e87bad3c948f4d605d)
Start importing Assets/TextMesh Pro/Resources/Fonts & Materials/LiberationSans SDF.asset using Guid(8f586378b4e144a9851e7b34d9b748ee) Importer(2089858483,b0f066a214c2f5e87bad3c948f4d605d) (ScriptedImporter) -> (artifact id: '0bf6029d33040887979f193f32cf47db') in 0.0882746 seconds
Number of updated asset objects reloaded before import = 0Number of asset objects unloaded after import = 8

========================================================================
Received Import Request.
  Time since last request: 0.000048 seconds.
  path: Assets/TextMesh Pro/Shaders/TMP_SDF-HDRP UNLIT.shadergraph
  artifactKey: Guid(f63d574838ccfb44f84acc05fed0af48) Importer(2089858483,b0f066a214c2f5e87bad3c948f4d605d)
Start importing Assets/TextMesh Pro/Shaders/TMP_SDF-HDRP UNLIT.shadergraph using Guid(f63d574838ccfb44f84acc05fed0af48) Importer(2089858483,b0f066a214c2f5e87bad3c948f4d605d) (ScriptedImporter) -> (artifact id: 'b780c0f17e5d16a50f0d2e68d5ad3145') in 0.0212045 seconds
Number of updated asset objects reloaded before import = 0Number of asset objects unloaded after import = 3

========================================================================
Received Import Request.
  Time since last request: 0.000071 seconds.
  path: Assets/Prefabs/Pickup.prefab
  artifactKey: Guid(161e3216b3154ed4d8a1a0cdbc5d5e41) Importer(2089858483,b0f066a214c2f5e87bad3c948f4d605d)
Start importing Assets/Prefabs/Pickup.prefab using Guid(161e3216b3154ed4d8a1a0cdbc5d5e41) Importer(2089858483,b0f066a214c2f5e87bad3c948f4d605d) (ScriptedImporter) -> (artifact id: '36e73dff025c2b4be54d67a7076cbed1') in 0.0273785 seconds
Number of updated asset objects reloaded before import = 0Number of asset objects unloaded after import = 13

========================================================================
Received Import Request.
  Time since last request: 0.000037 seconds.
  path: Assets/TextMesh Pro/Shaders/TMP_SDF-Mobile Masking.shader
  artifactKey: Guid(bc1ede39bf3643ee8e493720e4259791) Importer(2089858483,b0f066a214c2f5e87bad3c948f4d605d)
Start importing Assets/TextMesh Pro/Shaders/TMP_SDF-Mobile Masking.shader using Guid(bc1ede39bf3643ee8e493720e4259791) Importer(2089858483,b0f066a214c2f5e87bad3c948f4d605d) (ScriptedImporter) -> (artifact id: '0f8b27dde79daca14c688cf5ba2a3858') in 0.0151065 seconds
Number of updated asset objects reloaded before import = 0Number of asset objects unloaded after import = 1

========================================================================
Received Import Request.
  Time since last request: 0.000131 seconds.
  path: Assets/Models/Gravestones&Coffins/coffin.fbx
  artifactKey: Guid(b33b35d59df8e634aa8b7ebaeeb2f912) Importer(2089858483,b0f066a214c2f5e87bad3c948f4d605d)
Start importing Assets/Models/Gravestones&Coffins/coffin.fbx using Guid(b33b35d59df8e634aa8b7ebaeeb2f912) Importer(2089858483,b0f066a214c2f5e87bad3c948f4d605d) (ScriptedImporter) -> (artifact id: '08c58eda037f13982d75793830aec9b5') in 0.0195018 seconds
Number of updated asset objects reloaded before import = 0Number of asset objects unloaded after import = 14

========================================================================
Received Import Request.
  Time since last request: 0.000079 seconds.
  path: Assets/TextMesh Pro/Shaders/TMP_SDF-Mobile-2-Pass.shader
  artifactKey: Guid(0178fcb869bafef4690d177d31d17db8) Importer(2089858483,b0f066a214c2f5e87bad3c948f4d605d)
Start importing Assets/TextMesh Pro/Shaders/TMP_SDF-Mobile-2-Pass.shader using Guid(0178fcb869bafef4690d177d31d17db8) Importer(2089858483,b0f066a214c2f5e87bad3c948f4d605d) (ScriptedImporter) -> (artifact id: '109f37547a3018435b8c29bf3e78caad') in 0.0125477 seconds
Number of updated asset objects reloaded before import = 0Number of asset objects unloaded after import = 1

========================================================================
Received Import Request.
  Time since last request: 0.000053 seconds.
  path: Assets/Scripts/DestroyPotion.cs
  artifactKey: Guid(98b89db1bbe8fa44799d2eaabed023f3) Importer(2089858483,b0f066a214c2f5e87bad3c948f4d605d)
Start importing Assets/Scripts/DestroyPotion.cs using Guid(98b89db1bbe8fa44799d2eaabed023f3) Importer(2089858483,b0f066a214c2f5e87bad3c948f4d605d) (ScriptedImporter) -> (artifact id: '2957b85dc755f8f3f6d86501581ea1d1') in 0.0112762 seconds
Number of updated asset objects reloaded before import = 0Number of asset objects unloaded after import = 0

========================================================================
Received Import Request.
  Time since last request: 0.000045 seconds.
  path: Assets/TextMesh Pro/Shaders/TMP_SDF-HDRP LIT.shadergraph
  artifactKey: Guid(ca2ed216f98028c4dae6c5224a952b3c) Importer(2089858483,b0f066a214c2f5e87bad3c948f4d605d)
Start importing Assets/TextMesh Pro/Shaders/TMP_SDF-HDRP LIT.shadergraph using Guid(ca2ed216f98028c4dae6c5224a952b3c) Importer(2089858483,b0f066a214c2f5e87bad3c948f4d605d) (ScriptedImporter) -> (artifact id: 'b9c6cd249230524404df1747f79c4e6d') in 0.0178449 seconds
Number of updated asset objects reloaded before import = 0Number of asset objects unloaded after import = 3

========================================================================
Received Import Request.
  Time since last request: 0.000044 seconds.
  path: Assets/Models/Environment/grass.fbx
  artifactKey: Guid(57fa42bedf41f6c45a56438630c562cd) Importer(2089858483,b0f066a214c2f5e87bad3c948f4d605d)
Start importing Assets/Models/Environment/grass.fbx using Guid(57fa42bedf41f6c45a56438630c562cd) Importer(2089858483,b0f066a214c2f5e87bad3c948f4d605d) (ScriptedImporter) -> (artifact id: '82308a3c4d953afdcd4765b9265c3395') in 0.0265899 seconds
Number of updated asset objects reloaded before import = 0Number of asset objects unloaded after import = 8

========================================================================
Received Import Request.
  Time since last request: 0.000073 seconds.
  path: Assets/TextMesh Pro/Shaders/TMP_SDF-Surface-Mobile.shader
  artifactKey: Guid(85187c2149c549c5b33f0cdb02836b17) Importer(2089858483,b0f066a214c2f5e87bad3c948f4d605d)
Start importing Assets/TextMesh Pro/Shaders/TMP_SDF-Surface-Mobile.shader using Guid(85187c2149c549c5b33f0cdb02836b17) Importer(2089858483,b0f066a214c2f5e87bad3c948f4d605d) (ScriptedImporter) -> (artifact id: 'b8ed75120c651a1615e59839bf40c6dc') in 0.0119799 seconds
Number of updated asset objects reloaded before import = 0Number of asset objects unloaded after import = 1

========================================================================
Received Import Request.
  Time since last request: 0.000042 seconds.
  path: Assets/TextMesh Pro/Shaders/TMP_SDF SSD.shader
  artifactKey: Guid(14eb328de4b8eb245bb7cea29e4ac00b) Importer(2089858483,b0f066a214c2f5e87bad3c948f4d605d)
Start importing Assets/TextMesh Pro/Shaders/TMP_SDF SSD.shader using Guid(14eb328de4b8eb245bb7cea29e4ac00b) Importer(2089858483,b0f066a214c2f5e87bad3c948f4d605d) (ScriptedImporter) -> (artifact id: 'de52fd5630685ef90aa16dfb93548bb2') in 0.0121718 seconds
Number of updated asset objects reloaded before import = 0Number of asset objects unloaded after import = 1

========================================================================
Received Import Request.
  Time since last request: 0.000038 seconds.
  path: Assets/Textures&Materials/Materials/New Material.mat
  artifactKey: Guid(6036383eebe77d24180e414228eeb857) Importer(2089858483,b0f066a214c2f5e87bad3c948f4d605d)
Start importing Assets/Textures&Materials/Materials/New Material.mat using Guid(6036383eebe77d24180e414228eeb857) Importer(2089858483,b0f066a214c2f5e87bad3c948f4d605d) (ScriptedImporter) -> (artifact id: '9a874fa84030e0b66c805a63914f4dea') in 0.0176746 seconds
Number of updated asset objects reloaded before import = 0Number of asset objects unloaded after import = 1

========================================================================
Received Import Request.
  Time since last request: 0.000040 seconds.
  path: Assets/Scripts/PurchaseMenu.cs
  artifactKey: Guid(f281e8fb70dec2941921ff5301d7b698) Importer(2089858483,b0f066a214c2f5e87bad3c948f4d605d)
Start importing Assets/Scripts/PurchaseMenu.cs using Guid(f281e8fb70dec2941921ff5301d7b698) Importer(2089858483,b0f066a214c2f5e87bad3c948f4d605d) (ScriptedImporter) -> (artifact id: '291e480087cf611724a235a6a497477c') in 0.0076129 seconds
Number of updated asset objects reloaded before import = 0Number of asset objects unloaded after import = 0

========================================================================
Received Import Request.
  Time since last request: 0.000066 seconds.
  path: Assets/Textures&Materials/Hill Path/Hill Path.terrainlayer
  artifactKey: Guid(f4b8ca574a522664282ed2f89c651096) Importer(2089858483,b0f066a214c2f5e87bad3c948f4d605d)
Start importing Assets/Textures&Materials/Hill Path/Hill Path.terrainlayer using Guid(f4b8ca574a522664282ed2f89c651096) Importer(2089858483,b0f066a214c2f5e87bad3c948f4d605d) (ScriptedImporter) -> (artifact id: 'ce9d664fba113b6a6376236aefaa15d3') in 0.01566 seconds
Number of updated asset objects reloaded before import = 0Number of asset objects unloaded after import = 2

========================================================================
Received Import Request.
  Time since last request: 0.000044 seconds.
  path: Assets/TextMesh Pro/Shaders/TMPro.cginc
  artifactKey: Guid(407bc68d299748449bbf7f48ee690f8d) Importer(2089858483,b0f066a214c2f5e87bad3c948f4d605d)
Start importing Assets/TextMesh Pro/Shaders/TMPro.cginc using Guid(407bc68d299748449bbf7f48ee690f8d) Importer(2089858483,b0f066a214c2f5e87bad3c948f4d605d) (ScriptedImporter) -> (artifact id: 'aa388097ddfb90ec55330557e9d3a99a') in 0.0090831 seconds
Number of updated asset objects reloaded before import = 0Number of asset objects unloaded after import = 1

========================================================================
Received Import Request.
  Time since last request: 0.000044 seconds.
  path: Assets/TextMesh Pro/Shaders/TMP_SDF Overlay.shader
  artifactKey: Guid(dd89cf5b9246416f84610a006f916af7) Importer(2089858483,b0f066a214c2f5e87bad3c948f4d605d)
Start importing Assets/TextMesh Pro/Shaders/TMP_SDF Overlay.shader using Guid(dd89cf5b9246416f84610a006f916af7) Importer(2089858483,b0f066a214c2f5e87bad3c948f4d605d) (ScriptedImporter) -> (artifact id: '91f81dc6e01501bace2f2eb4532e1c46') in 0.0140536 seconds
Number of updated asset objects reloaded before import = 0Number of asset objects unloaded after import = 1

========================================================================
Received Import Request.
  Time since last request: 0.000038 seconds.
  path: Assets/TutorialInfo/Scripts/Editor/ReadmeEditor.cs
  artifactKey: Guid(476cc7d7cd9874016adc216baab94a0a) Importer(2089858483,b0f066a214c2f5e87bad3c948f4d605d)
Start importing Assets/TutorialInfo/Scripts/Editor/ReadmeEditor.cs using Guid(476cc7d7cd9874016adc216baab94a0a) Importer(2089858483,b0f066a214c2f5e87bad3c948f4d605d) (ScriptedImporter) -> (artifact id: '6c8930ab19d811f1a2069c09a375ff15') in 0.0103029 seconds
Number of updated asset objects reloaded before import = 0Number of asset objects unloaded after import = 0

========================================================================
Received Import Request.
  Time since last request: 0.000122 seconds.
  path: Assets/Prefabs/Characters/Enemy.prefab
  artifactKey: Guid(201ff63a1d58344488722c8f3fa44fc2) Importer(2089858483,b0f066a214c2f5e87bad3c948f4d605d)
Start importing Assets/Prefabs/Characters/Enemy.prefab using Guid(201ff63a1d58344488722c8f3fa44fc2) Importer(2089858483,b0f066a214c2f5e87bad3c948f4d605d) (ScriptedImporter) -> (artifact id: '5b4ce637c61e508fbf72741c394aef4e') in 0.0465652 seconds
Number of updated asset objects reloaded before import = 0Number of asset objects unloaded after import = 44

========================================================================
Received Import Request.
  Time since last request: 0.000087 seconds.
  path: Assets/TextMesh Pro/Shaders/TMP_Bitmap.shader
  artifactKey: Guid(128e987d567d4e2c824d754223b3f3b0) Importer(2089858483,b0f066a214c2f5e87bad3c948f4d605d)
Start importing Assets/TextMesh Pro/Shaders/TMP_Bitmap.shader using Guid(128e987d567d4e2c824d754223b3f3b0) Importer(2089858483,b0f066a214c2f5e87bad3c948f4d605d) (ScriptedImporter) -> (artifact id: 'af7e6f5e15292676eec90732bf5149ce') in 0.0156317 seconds
Number of updated asset objects reloaded before import = 0Number of asset objects unloaded after import = 1

========================================================================
Received Import Request.
  Time since last request: 0.000056 seconds.
  path: Assets/TextMesh Pro/Resources/LineBreaking Following Characters.txt
  artifactKey: Guid(fade42e8bc714b018fac513c043d323b) Importer(2089858483,b0f066a214c2f5e87bad3c948f4d605d)
Start importing Assets/TextMesh Pro/Resources/LineBreaking Following Characters.txt using Guid(fade42e8bc714b018fac513c043d323b) Importer(2089858483,b0f066a214c2f5e87bad3c948f4d605d) (ScriptedImporter) -> (artifact id: '7f9e30e656b8fbbbff7058c6a9ce1b17') in 0.0950586 seconds
Number of updated asset objects reloaded before import = 0Number of asset objects unloaded after import = 1

========================================================================
Received Import Request.
  Time since last request: 0.000081 seconds.
  path: Assets/Unity Assets/BTM_Assets/BTM_Items_Gems/Documentation - ReadMe.pdf
  artifactKey: Guid(d113e549a6abd77448a31c8f3889c62b) Importer(2089858483,b0f066a214c2f5e87bad3c948f4d605d)
Start importing Assets/Unity Assets/BTM_Assets/BTM_Items_Gems/Documentation - ReadMe.pdf using Guid(d113e549a6abd77448a31c8f3889c62b) Importer(2089858483,b0f066a214c2f5e87bad3c948f4d605d) (ScriptedImporter) -> (artifact id: 'd7fe56ca28f5f1c8c453f9790eb2bd4e') in 0.0670229 seconds
Number of updated asset objects reloaded before import = 0Number of asset objects unloaded after import = 1

========================================================================
Received Import Request.
  Time since last request: 0.000055 seconds.
  path: Assets/Models/Textures/colormap.png
  artifactKey: Guid(c01b6017641f37643977352358592b54) Importer(2089858483,b0f066a214c2f5e87bad3c948f4d605d)
Start importing Assets/Models/Textures/colormap.png using Guid(c01b6017641f37643977352358592b54) Importer(2089858483,b0f066a214c2f5e87bad3c948f4d605d) (ScriptedImporter) -> (artifact id: '1839c4fafe0d892556f1c12ca5085756') in 0.0334881 seconds
Number of updated asset objects reloaded before import = 0Number of asset objects unloaded after import = 1

========================================================================
Received Import Request.
  Time since last request: 0.000085 seconds.
  path: Assets/Models/Crypts/crypt-large-roof.fbx
  artifactKey: Guid(7cdf1d79ee114744bbd8a57e2144bc85) Importer(2089858483,b0f066a214c2f5e87bad3c948f4d605d)
Start importing Assets/Models/Crypts/crypt-large-roof.fbx using Guid(7cdf1d79ee114744bbd8a57e2144bc85) Importer(2089858483,b0f066a214c2f5e87bad3c948f4d605d) (ScriptedImporter) -> (artifact id: '10a5bbc039915ab8002ec6f8b3b8f109') in 0.0301777 seconds
Number of updated asset objects reloaded before import = 0Number of asset objects unloaded after import = 9

========================================================================
Received Import Request.
  Time since last request: 0.000077 seconds.
  path: Assets/Scripts/CollectPumpkins.cs
  artifactKey: Guid(f84ab5e1879c09748b32af810631a724) Importer(2089858483,b0f066a214c2f5e87bad3c948f4d605d)
Start importing Assets/Scripts/CollectPumpkins.cs using Guid(f84ab5e1879c09748b32af810631a724) Importer(2089858483,b0f066a214c2f5e87bad3c948f4d605d) (ScriptedImporter) -> (artifact id: '4b54ec378d12ef78609dad9c7cd2f7a1') in 0.0124547 seconds
Number of updated asset objects reloaded before import = 0Number of asset objects unloaded after import = 0

========================================================================
Received Import Request.
  Time since last request: 6.927881 seconds.
  path: Assets/Unity Assets/ModularFirstPersonController/FirstPersonController/FirstPersonController.prefab
  artifactKey: Guid(6bacecc4f3df9584198879c73a6b6c36) Importer(2089858483,b0f066a214c2f5e87bad3c948f4d605d)
Start importing Assets/Unity Assets/ModularFirstPersonController/FirstPersonController/FirstPersonController.prefab using Guid(6bacecc4f3df9584198879c73a6b6c36) Importer(2089858483,b0f066a214c2f5e87bad3c948f4d605d) (ScriptedImporter) -> (artifact id: 'edcddde42e7cca94a4c6b3b71f26089e') in 0.1015973 seconds
Number of updated asset objects reloaded before import = 0Number of asset objects unloaded after import = 35

========================================================================
Received Import Request.
  Time since last request: 0.000076 seconds.
  path: Assets/Unity Assets/TsukyKheeta/Potions/AllPotions.png
  artifactKey: Guid(8637238347ea8cf4b9c4bea5df5eaa24) Importer(2089858483,b0f066a214c2f5e87bad3c948f4d605d)
Start importing Assets/Unity Assets/TsukyKheeta/Potions/AllPotions.png using Guid(8637238347ea8cf4b9c4bea5df5eaa24) Importer(2089858483,b0f066a214c2f5e87bad3c948f4d605d) (ScriptedImporter) -> (artifact id: '633642a5d7fac99d5d169e3d88c67a20') in 0.0937111 seconds
Number of updated asset objects reloaded before import = 0Number of asset objects unloaded after import = 30

========================================================================
Received Import Request.
  Time since last request: 0.000061 seconds.
  path: Assets/Unity Assets/BTM_Assets/BTM_Items_Gems/Prefabs/Cuboid.prefab
  artifactKey: Guid(48e52d8d352ce0548a5574c7e827370e) Importer(2089858483,b0f066a214c2f5e87bad3c948f4d605d)
Start importing Assets/Unity Assets/BTM_Assets/BTM_Items_Gems/Prefabs/Cuboid.prefab using Guid(48e52d8d352ce0548a5574c7e827370e) Importer(2089858483,b0f066a214c2f5e87bad3c948f4d605d) (ScriptedImporter) -> (artifact id: 'f4b2f0279c4d3696dc56a5f3b74380ae') in 0.0214059 seconds
Number of updated asset objects reloaded before import = 0Number of asset objects unloaded after import = 15

========================================================================
Received Import Request.
  Time since last request: 0.000049 seconds.
  path: Assets/Unity Assets/BTM_Assets/BTM_Items_Gems/Prefabs/4SideDiamond.prefab
  artifactKey: Guid(8b222146fa41a324789772470d2d6e3d) Importer(2089858483,b0f066a214c2f5e87bad3c948f4d605d)
Start importing Assets/Unity Assets/BTM_Assets/BTM_Items_Gems/Prefabs/4SideDiamond.prefab using Guid(8b222146fa41a324789772470d2d6e3d) Importer(2089858483,b0f066a214c2f5e87bad3c948f4d605d) (ScriptedImporter) -> (artifact id: '927fd7e6b10da680c44dbaa9c8e00e99') in 0.0210037 seconds
Number of updated asset objects reloaded before import = 0Number of asset objects unloaded after import = 15

========================================================================
Received Import Request.
  Time since last request: 0.000070 seconds.
  path: Assets/Unity Assets/BTM_Assets/BTM_Items_Gems/Prefabs/Penta.prefab
  artifactKey: Guid(57377efc0a877474ab0478d4ce8180c2) Importer(2089858483,b0f066a214c2f5e87bad3c948f4d605d)
Start importing Assets/Unity Assets/BTM_Assets/BTM_Items_Gems/Prefabs/Penta.prefab using Guid(57377efc0a877474ab0478d4ce8180c2) Importer(2089858483,b0f066a214c2f5e87bad3c948f4d605d) (ScriptedImporter) -> (artifact id: 'd7dd9fffa42e6bdb456a2a0d5331e6f5') in 0.0256576 seconds
Number of updated asset objects reloaded before import = 0Number of asset objects unloaded after import = 15

========================================================================
Received Import Request.
  Time since last request: 0.000094 seconds.
  path: Assets/Unity Assets/BTM_Assets/BTM_Items_Gems/Prefabs/HeartGem.prefab
  artifactKey: Guid(7c857df6f3a0c364997001a2dc84dbcf) Importer(2089858483,b0f066a214c2f5e87bad3c948f4d605d)
Start importing Assets/Unity Assets/BTM_Assets/BTM_Items_Gems/Prefabs/HeartGem.prefab using Guid(7c857df6f3a0c364997001a2dc84dbcf) Importer(2089858483,b0f066a214c2f5e87bad3c948f4d605d) (ScriptedImporter) -> (artifact id: '521759504c0329afa34925d5f689382e') in 0.0308866 seconds
Number of updated asset objects reloaded before import = 0Number of asset objects unloaded after import = 15

========================================================================
Received Import Request.
  Time since last request: 0.000038 seconds.
  path: Assets/Unity Assets/BTM_Assets/BTM_Items_Gems/Prefabs/Cubie.prefab
  artifactKey: Guid(e1dcc1756599cdb45b9d838c33287a10) Importer(2089858483,b0f066a214c2f5e87bad3c948f4d605d)
Start importing Assets/Unity Assets/BTM_Assets/BTM_Items_Gems/Prefabs/Cubie.prefab using Guid(e1dcc1756599cdb45b9d838c33287a10) Importer(2089858483,b0f066a214c2f5e87bad3c948f4d605d) (ScriptedImporter) -> (artifact id: 'ff9eb2fab71cd1c72755e284157ae2f7') in 0.0311223 seconds
Number of updated asset objects reloaded before import = 0Number of asset objects unloaded after import = 15

========================================================================
Received Import Request.
  Time since last request: 0.000097 seconds.
  path: Assets/Unity Assets/BTM_Assets/BTM_Items_Gems/Prefabs/Trophy.prefab
  artifactKey: Guid(3f2245bee0a16594fa5461000f35ddc4) Importer(2089858483,b0f066a214c2f5e87bad3c948f4d605d)
Start importing Assets/Unity Assets/BTM_Assets/BTM_Items_Gems/Prefabs/Trophy.prefab using Guid(3f2245bee0a16594fa5461000f35ddc4) Importer(2089858483,b0f066a214c2f5e87bad3c948f4d605d) (ScriptedImporter) -> (artifact id: '8aff475b2ab03dc6e91d2f7140c9ca9d') in 0.1014343 seconds
Number of updated asset objects reloaded before import = 0Number of asset objects unloaded after import = 15

========================================================================
Received Import Request.
  Time since last request: 0.000064 seconds.
  path: Assets/Unity Assets/BTM_Assets/BTM_Items_Gems/Models/Bomb.fbx
  artifactKey: Guid(b69ab7dc4a09f094885bf950a65c44c3) Importer(2089858483,b0f066a214c2f5e87bad3c948f4d605d)
Start importing Assets/Unity Assets/BTM_Assets/BTM_Items_Gems/Models/Bomb.fbx using Guid(b69ab7dc4a09f094885bf950a65c44c3) Importer(2089858483,b0f066a214c2f5e87bad3c948f4d605d) (ScriptedImporter) -> (artifact id: '5bb0d53f21aff09a4f3d6a56f057a7c0') in 0.0320302 seconds
Number of updated asset objects reloaded before import = 0Number of asset objects unloaded after import = 9

========================================================================
Received Import Request.
  Time since last request: 0.000055 seconds.
  path: Assets/Unity Assets/TsukyKheeta/Potions/Potions no Stroke/LargePotionBlue.png
  artifactKey: Guid(aab72bae2841cc048be4d8b132da8eba) Importer(2089858483,b0f066a214c2f5e87bad3c948f4d605d)
Start importing Assets/Unity Assets/TsukyKheeta/Potions/Potions no Stroke/LargePotionBlue.png using Guid(aab72bae2841cc048be4d8b132da8eba) Importer(2089858483,b0f066a214c2f5e87bad3c948f4d605d) (ScriptedImporter) -> (artifact id: '2fd1e36309903b8c1cd43db4586cde0d') in 0.0254738 seconds
Number of updated asset objects reloaded before import = 0Number of asset objects unloaded after import = 3

========================================================================
Received Import Request.
  Time since last request: 0.000050 seconds.
  path: Assets/Unity Assets/TsukyKheeta/Potions/Potions no Stroke/LargePotionPurple.png
  artifactKey: Guid(aa8cd5a2afdea564fa13f7efdea5e674) Importer(2089858483,b0f066a214c2f5e87bad3c948f4d605d)
Start importing Assets/Unity Assets/TsukyKheeta/Potions/Potions no Stroke/LargePotionPurple.png using Guid(aa8cd5a2afdea564fa13f7efdea5e674) Importer(2089858483,b0f066a214c2f5e87bad3c948f4d605d) (ScriptedImporter) -> (artifact id: 'ee28925e93ce1b16f0839196ef2d8f4c') in 0.0238853 seconds
Number of updated asset objects reloaded before import = 0Number of asset objects unloaded after import = 3

========================================================================
Received Import Request.
  Time since last request: 0.000065 seconds.
  path: Assets/Unity Assets/BTM_Assets/BTM_Items_Gems/Models/Lock.fbx
  artifactKey: Guid(7af490ac9513f2b4a88be930c89da620) Importer(2089858483,b0f066a214c2f5e87bad3c948f4d605d)
Start importing Assets/Unity Assets/BTM_Assets/BTM_Items_Gems/Models/Lock.fbx using Guid(7af490ac9513f2b4a88be930c89da620) Importer(2089858483,b0f066a214c2f5e87bad3c948f4d605d) (ScriptedImporter) -> (artifact id: '5330c798b5c2532ea3cfc4596ba73a99') in 0.0383437 seconds
Number of updated asset objects reloaded before import = 0Number of asset objects unloaded after import = 9

========================================================================
Received Import Request.
  Time since last request: 0.000241 seconds.
  path: Assets/Unity Assets/BTM_Assets/BTM_Items_Gems/Prefabs/BluePotion.prefab
  artifactKey: Guid(67ebebe313b325b49a8c33c825bdabe5) Importer(2089858483,b0f066a214c2f5e87bad3c948f4d605d)
Start importing Assets/Unity Assets/BTM_Assets/BTM_Items_Gems/Prefabs/BluePotion.prefab using Guid(67ebebe313b325b49a8c33c825bdabe5) Importer(2089858483,b0f066a214c2f5e87bad3c948f4d605d) (ScriptedImporter) -> (artifact id: 'd07e2cbcfb6a52e02068bbb6eb25b13b') in 0.0302808 seconds
Number of updated asset objects reloaded before import = 0Number of asset objects unloaded after import = 15

========================================================================
Received Import Request.
  Time since last request: 0.000049 seconds.
  path: Assets/Unity Assets/BTM_Assets/BTM_Items_Gems/Prefabs/GoldPile.prefab
  artifactKey: Guid(61c7dcd8337158a468821e9b631f2689) Importer(2089858483,b0f066a214c2f5e87bad3c948f4d605d)
Start importing Assets/Unity Assets/BTM_Assets/BTM_Items_Gems/Prefabs/GoldPile.prefab using Guid(61c7dcd8337158a468821e9b631f2689) Importer(2089858483,b0f066a214c2f5e87bad3c948f4d605d) (ScriptedImporter) -> (artifact id: 'b10954f323b649af044ceedd211d33ee') in 0.0305499 seconds
Number of updated asset objects reloaded before import = 0Number of asset objects unloaded after import = 15

========================================================================
Received Import Request.
  Time since last request: 0.000077 seconds.
  path: Assets/Unity Assets/BTM_Assets/BTM_Items_Gems/Prefabs/BluePill.prefab
  artifactKey: Guid(48853cd3cc24c284d8a5333395c20ba3) Importer(2089858483,b0f066a214c2f5e87bad3c948f4d605d)
Start importing Assets/Unity Assets/BTM_Assets/BTM_Items_Gems/Prefabs/BluePill.prefab using Guid(48853cd3cc24c284d8a5333395c20ba3) Importer(2089858483,b0f066a214c2f5e87bad3c948f4d605d) (ScriptedImporter) -> (artifact id: 'c135253f1fecc1eab56a73f143ef0059') in 0.0249435 seconds
Number of updated asset objects reloaded before import = 0Number of asset objects unloaded after import = 16

========================================================================
Received Import Request.
  Time since last request: 0.000043 seconds.
  path: Assets/Unity Assets/BTM_Assets/BTM_Items_Gems/Prefabs/SkullBones.prefab
  artifactKey: Guid(01fba43840893414a83863004e3a487b) Importer(2089858483,b0f066a214c2f5e87bad3c948f4d605d)
Start importing Assets/Unity Assets/BTM_Assets/BTM_Items_Gems/Prefabs/SkullBones.prefab using Guid(01fba43840893414a83863004e3a487b) Importer(2089858483,b0f066a214c2f5e87bad3c948f4d605d) (ScriptedImporter) -> (artifact id: 'fc991a82dbe607a1e24bdbca0011d23f') in 0.0291484 seconds
Number of updated asset objects reloaded before import = 0Number of asset objects unloaded after import = 15

========================================================================
Received Import Request.
  Time since last request: 0.000037 seconds.
  path: Assets/Unity Assets/BTM_Assets/BTM_Items_Gems/Models/GreenPotion.fbx
  artifactKey: Guid(905f72ca98139284d856e235054cf139) Importer(2089858483,b0f066a214c2f5e87bad3c948f4d605d)
Start importing Assets/Unity Assets/BTM_Assets/BTM_Items_Gems/Models/GreenPotion.fbx using Guid(905f72ca98139284d856e235054cf139) Importer(2089858483,b0f066a214c2f5e87bad3c948f4d605d) (ScriptedImporter) -> (artifact id: 'e151c3fa3cfcc74f6440d5dd32668b1c') in 0.0303806 seconds
Number of updated asset objects reloaded before import = 0Number of asset objects unloaded after import = 9

========================================================================
Received Import Request.
  Time since last request: 0.000060 seconds.
  path: Assets/Unity Assets/BTM_Assets/BTM_Items_Gems/Models/GoldPile.fbx
  artifactKey: Guid(3661d9bc416d1ca43ba806c4fd419615) Importer(2089858483,b0f066a214c2f5e87bad3c948f4d605d)
Start importing Assets/Unity Assets/BTM_Assets/BTM_Items_Gems/Models/GoldPile.fbx using Guid(3661d9bc416d1ca43ba806c4fd419615) Importer(2089858483,b0f066a214c2f5e87bad3c948f4d605d) (ScriptedImporter) -> (artifact id: 'b8e3270c1363e866abde398bdad0b279') in 0.0325894 seconds
Number of updated asset objects reloaded before import = 0Number of asset objects unloaded after import = 9

========================================================================
Received Import Request.
  Time since last request: 0.000064 seconds.
  path: Assets/Unity Assets/TsukyKheeta/Potions/Potions Stroke/LargePotionBlue.png
  artifactKey: Guid(3dd4a8661ad3e2441ae332296f787926) Importer(2089858483,b0f066a214c2f5e87bad3c948f4d605d)
Start importing Assets/Unity Assets/TsukyKheeta/Potions/Potions Stroke/LargePotionBlue.png using Guid(3dd4a8661ad3e2441ae332296f787926) Importer(2089858483,b0f066a214c2f5e87bad3c948f4d605d) (ScriptedImporter) -> (artifact id: 'fad0167b2b64b307b9fa9828d9950376') in 0.0389485 seconds
Number of updated asset objects reloaded before import = 0Number of asset objects unloaded after import = 3

========================================================================
Received Import Request.
  Time since last request: 0.000045 seconds.
  path: Assets/Unity Assets/TsukyKheeta/Potions/Potions no Stroke/SmallPotionBlue.png
  artifactKey: Guid(6b547990c4ff6da4e8efe7002b343412) Importer(2089858483,b0f066a214c2f5e87bad3c948f4d605d)
Start importing Assets/Unity Assets/TsukyKheeta/Potions/Potions no Stroke/SmallPotionBlue.png using Guid(6b547990c4ff6da4e8efe7002b343412) Importer(2089858483,b0f066a214c2f5e87bad3c948f4d605d) (ScriptedImporter) -> (artifact id: '557abc90c34515ab43c566c6aab3d84f') in 0.0294037 seconds
Number of updated asset objects reloaded before import = 0Number of asset objects unloaded after import = 3

========================================================================
Received Import Request.
  Time since last request: 0.000077 seconds.
  path: Assets/Unity Assets/TsukyKheeta/Potions/Potions no Stroke/SmallPotionOrange.png
  artifactKey: Guid(b1f2015d96e942144a25262c72b0199b) Importer(2089858483,b0f066a214c2f5e87bad3c948f4d605d)
Start importing Assets/Unity Assets/TsukyKheeta/Potions/Potions no Stroke/SmallPotionOrange.png using Guid(b1f2015d96e942144a25262c72b0199b) Importer(2089858483,b0f066a214c2f5e87bad3c948f4d605d) (ScriptedImporter) -> (artifact id: '27c867b77bf13f3ae63edfc61b127180') in 0.0268813 seconds
Number of updated asset objects reloaded before import = 0Number of asset objects unloaded after import = 3

========================================================================
Received Import Request.
  Time since last request: 0.000046 seconds.
  path: Assets/Unity Assets/TsukyKheeta/Potions/Potions Stroke/MediumPotionEmpty.png
  artifactKey: Guid(d69bed85533b94c49ad0d099cfd3d0ed) Importer(2089858483,b0f066a214c2f5e87bad3c948f4d605d)
Start importing Assets/Unity Assets/TsukyKheeta/Potions/Potions Stroke/MediumPotionEmpty.png using Guid(d69bed85533b94c49ad0d099cfd3d0ed) Importer(2089858483,b0f066a214c2f5e87bad3c948f4d605d) (ScriptedImporter) -> (artifact id: 'be989694c7824a614050ece8a84611ba') in 0.0269998 seconds
Number of updated asset objects reloaded before import = 0Number of asset objects unloaded after import = 3

========================================================================
Received Import Request.
  Time since last request: 0.000044 seconds.
  path: Assets/Unity Assets/TsukyKheeta/Potions/Potions Stroke/MediumPotionBlue.png
  artifactKey: Guid(8f0ec2d6947489b4e9ee2f4bdda900d9) Importer(2089858483,b0f066a214c2f5e87bad3c948f4d605d)
Start importing Assets/Unity Assets/TsukyKheeta/Potions/Potions Stroke/MediumPotionBlue.png using Guid(8f0ec2d6947489b4e9ee2f4bdda900d9) Importer(2089858483,b0f066a214c2f5e87bad3c948f4d605d) (ScriptedImporter) -> (artifact id: '0dc968f2ab81ed41b4afd5dd470e1dec') in 0.0258614 seconds
Number of updated asset objects reloaded before import = 0Number of asset objects unloaded after import = 3

========================================================================
Received Import Request.
  Time since last request: 0.000065 seconds.
  path: Assets/Unity Assets/TsukyKheeta/Potions/Potions Stroke/LargePotionPink.png
  artifactKey: Guid(107d71e23e2319d4e82f82983bac7122) Importer(2089858483,b0f066a214c2f5e87bad3c948f4d605d)
Start importing Assets/Unity Assets/TsukyKheeta/Potions/Potions Stroke/LargePotionPink.png using Guid(107d71e23e2319d4e82f82983bac7122) Importer(2089858483,b0f066a214c2f5e87bad3c948f4d605d) (ScriptedImporter) -> (artifact id: 'afdd712fa52a765ab6ea24dd0aae36eb') in 0.0272995 seconds
Number of updated asset objects reloaded before import = 0Number of asset objects unloaded after import = 3

========================================================================
Received Import Request.
  Time since last request: 0.000050 seconds.
  path: Assets/Unity Assets/BTM_Assets/BTM_Items_Gems/Models/GoldBar.fbx
  artifactKey: Guid(b595019e353f6c64196dd301530f35a4) Importer(2089858483,b0f066a214c2f5e87bad3c948f4d605d)
Start importing Assets/Unity Assets/BTM_Assets/BTM_Items_Gems/Models/GoldBar.fbx using Guid(b595019e353f6c64196dd301530f35a4) Importer(2089858483,b0f066a214c2f5e87bad3c948f4d605d) (ScriptedImporter) -> (artifact id: '12192fc36fc41d4a9991df9baba6d33f') in 0.0351176 seconds
Number of updated asset objects reloaded before import = 0Number of asset objects unloaded after import = 9

========================================================================
Received Import Request.
  Time since last request: 0.000039 seconds.
  path: Assets/Unity Assets/TsukyKheeta/Potions/Potions Stroke/SmallPotionBlue.png
  artifactKey: Guid(c4f36aa2a7c365d4384e71c824526d79) Importer(2089858483,b0f066a214c2f5e87bad3c948f4d605d)
Start importing Assets/Unity Assets/TsukyKheeta/Potions/Potions Stroke/SmallPotionBlue.png using Guid(c4f36aa2a7c365d4384e71c824526d79) Importer(2089858483,b0f066a214c2f5e87bad3c948f4d605d) (ScriptedImporter) -> (artifact id: 'ced0af5d8f6ed9a894ee6b9b48c98002') in 0.0230082 seconds
Number of updated asset objects reloaded before import = 0Number of asset objects unloaded after import = 3

========================================================================
Received Import Request.
  Time since last request: 0.000060 seconds.
  path: Assets/Unity Assets/BTM_Assets/BTM_Items_Gems/Prefabs/Money.prefab
  artifactKey: Guid(b9d9101ad1951674e9f71efcc796dadc) Importer(2089858483,b0f066a214c2f5e87bad3c948f4d605d)
Start importing Assets/Unity Assets/BTM_Assets/BTM_Items_Gems/Prefabs/Money.prefab using Guid(b9d9101ad1951674e9f71efcc796dadc) Importer(2089858483,b0f066a214c2f5e87bad3c948f4d605d) (ScriptedImporter) -> (artifact id: 'ab312e0e5314d8c84076a6398d84bcfa') in 0.0285814 seconds
Number of updated asset objects reloaded before import = 0Number of asset objects unloaded after import = 15

========================================================================
Received Import Request.
  Time since last request: 0.000056 seconds.
  path: Assets/Unity Assets/BTM_Assets/BTM_Items_Gems/Prefabs/Battery.prefab
  artifactKey: Guid(b1dcde6e675915e46beef84becea3234) Importer(2089858483,b0f066a214c2f5e87bad3c948f4d605d)
Start importing Assets/Unity Assets/BTM_Assets/BTM_Items_Gems/Prefabs/Battery.prefab using Guid(b1dcde6e675915e46beef84becea3234) Importer(2089858483,b0f066a214c2f5e87bad3c948f4d605d) (ScriptedImporter) -> (artifact id: '02507abb62f1e6f21a53146b4d8cb6ff') in 0.0251224 seconds
Number of updated asset objects reloaded before import = 0Number of asset objects unloaded after import = 15

========================================================================
Received Import Request.
  Time since last request: 0.000041 seconds.
  path: Assets/Unity Assets/ModularFirstPersonController/DemoScene/Gridbox Prototype Materials/Resources/Materials/Prototype Grid/Prototype_512x512_Green1.mat
  artifactKey: Guid(79f64ed6f5d6d374d91c3a0af4070258) Importer(2089858483,b0f066a214c2f5e87bad3c948f4d605d)
Start importing Assets/Unity Assets/ModularFirstPersonController/DemoScene/Gridbox Prototype Materials/Resources/Materials/Prototype Grid/Prototype_512x512_Green1.mat using Guid(79f64ed6f5d6d374d91c3a0af4070258) Importer(2089858483,b0f066a214c2f5e87bad3c948f4d605d) (ScriptedImporter) -> (artifact id: '037e86b7aa10279264f19c4badeddbe9') in 0.073096 seconds
Number of updated asset objects reloaded before import = 0Number of asset objects unloaded after import = 2

========================================================================
Received Import Request.
  Time since last request: 0.000068 seconds.
  path: Assets/Unity Assets/TsukyKheeta/Potions/Potions Stroke/SmallPotionPurple.png
  artifactKey: Guid(00a08daafba61f64ea75c35fec0e2df7) Importer(2089858483,b0f066a214c2f5e87bad3c948f4d605d)
Start importing Assets/Unity Assets/TsukyKheeta/Potions/Potions Stroke/SmallPotionPurple.png using Guid(00a08daafba61f64ea75c35fec0e2df7) Importer(2089858483,b0f066a214c2f5e87bad3c948f4d605d) (ScriptedImporter) -> (artifact id: 'deb252fd14bc938a1e1b6409077e2828') in 0.0185199 seconds
Number of updated asset objects reloaded before import = 0Number of asset objects unloaded after import = 3

========================================================================
Received Import Request.
  Time since last request: 0.000033 seconds.
  path: Assets/Unity Assets/BTM_Assets/BTM_Items_Gems/Prefabs/Diamondo.prefab
  artifactKey: Guid(5a2ef7db5b7c1db4a8adf9e71ea2e879) Importer(2089858483,b0f066a214c2f5e87bad3c948f4d605d)
Start importing Assets/Unity Assets/BTM_Assets/BTM_Items_Gems/Prefabs/Diamondo.prefab using Guid(5a2ef7db5b7c1db4a8adf9e71ea2e879) Importer(2089858483,b0f066a214c2f5e87bad3c948f4d605d) (ScriptedImporter) -> (artifact id: 'd8a66225f048bda63422d45c77b156a7') in 0.0204279 seconds
Number of updated asset objects reloaded before import = 0Number of asset objects unloaded after import = 15

========================================================================
Received Import Request.
  Time since last request: 0.000040 seconds.
  path: Assets/Unity Assets/BTM_Assets/BTM_Items_Gems/Models/Penta.fbx
  artifactKey: Guid(6c8f3faefe517b04a8a459b2e554a758) Importer(2089858483,b0f066a214c2f5e87bad3c948f4d605d)
Start importing Assets/Unity Assets/BTM_Assets/BTM_Items_Gems/Models/Penta.fbx using Guid(6c8f3faefe517b04a8a459b2e554a758) Importer(2089858483,b0f066a214c2f5e87bad3c948f4d605d) (ScriptedImporter) -> (artifact id: '1d20143d8bc1ccec3f38f0a511fd2675') in 0.0272662 seconds
Number of updated asset objects reloaded before import = 0Number of asset objects unloaded after import = 9

========================================================================
Received Import Request.
  Time since last request: 0.000056 seconds.
  path: Assets/Unity Assets/ModularFirstPersonController/DemoScene/Gridbox Prototype Materials/Resources/Materials/Prototype Grid/Prototype_512x512_Grey4.mat
  artifactKey: Guid(8d530ffe6c4968843806085897955b9d) Importer(2089858483,b0f066a214c2f5e87bad3c948f4d605d)
Start importing Assets/Unity Assets/ModularFirstPersonController/DemoScene/Gridbox Prototype Materials/Resources/Materials/Prototype Grid/Prototype_512x512_Grey4.mat using Guid(8d530ffe6c4968843806085897955b9d) Importer(2089858483,b0f066a214c2f5e87bad3c948f4d605d) (ScriptedImporter) -> (artifact id: 'efffd58f4ec505e755457f6568aac137') in 0.0171458 seconds
Number of updated asset objects reloaded before import = 0Number of asset objects unloaded after import = 2

========================================================================
Received Import Request.
  Time since last request: 0.000040 seconds.
  path: Assets/Unity Assets/TsukyKheeta/Potions/Potions no Stroke/LargePotionRed.png
  artifactKey: Guid(bdbcdab6770e739458ad6c1b7c3cc1d3) Importer(2089858483,b0f066a214c2f5e87bad3c948f4d605d)
Start importing Assets/Unity Assets/TsukyKheeta/Potions/Potions no Stroke/LargePotionRed.png using Guid(bdbcdab6770e739458ad6c1b7c3cc1d3) Importer(2089858483,b0f066a214c2f5e87bad3c948f4d605d) (ScriptedImporter) -> (artifact id: '34c4e59555c323f4d7e55a95d5176c23') in 0.0326354 seconds
Number of updated asset objects reloaded before import = 0Number of asset objects unloaded after import = 3

========================================================================
Received Import Request.
  Time since last request: 0.000056 seconds.
  path: Assets/Unity Assets/BTM_Assets/BTM_Items_Gems/Prefabs/RedVial.prefab
  artifactKey: Guid(8db164f48fcdae64180ebf0ce2bb5d92) Importer(2089858483,b0f066a214c2f5e87bad3c948f4d605d)
Start importing Assets/Unity Assets/BTM_Assets/BTM_Items_Gems/Prefabs/RedVial.prefab using Guid(8db164f48fcdae64180ebf0ce2bb5d92) Importer(2089858483,b0f066a214c2f5e87bad3c948f4d605d) (ScriptedImporter) -> (artifact id: '79ecbc2de599ae7318ea7b285231620d') in 0.0202848 seconds
Number of updated asset objects reloaded before import = 0Number of asset objects unloaded after import = 15

========================================================================
Received Import Request.
  Time since last request: 0.000072 seconds.
  path: Assets/Unity Assets/BTM_Assets/BTM_Items_Gems/Prefabs/Ruby.prefab
  artifactKey: Guid(e61c9a4b7ad4e684f9866d27135607f5) Importer(2089858483,b0f066a214c2f5e87bad3c948f4d605d)
Start importing Assets/Unity Assets/BTM_Assets/BTM_Items_Gems/Prefabs/Ruby.prefab using Guid(e61c9a4b7ad4e684f9866d27135607f5) Importer(2089858483,b0f066a214c2f5e87bad3c948f4d605d) (ScriptedImporter) -> (artifact id: '4dfdb6d153fe7381f8db6c9ce98663a9') in 0.019822 seconds
Number of updated asset objects reloaded before import = 0Number of asset objects unloaded after import = 15

========================================================================
Received Import Request.
  Time since last request: 0.000054 seconds.
  path: Assets/Unity Assets/ModularFirstPersonController/DemoScene/Gridbox Prototype Materials/Resources/Textures/Prototype Grid/prototype_512x512_red.png
  artifactKey: Guid(3d6064e2e1cd7214e9f67f3a68f494fb) Importer(2089858483,b0f066a214c2f5e87bad3c948f4d605d)
Start importing Assets/Unity Assets/ModularFirstPersonController/DemoScene/Gridbox Prototype Materials/Resources/Textures/Prototype Grid/prototype_512x512_red.png using Guid(3d6064e2e1cd7214e9f67f3a68f494fb) Importer(2089858483,b0f066a214c2f5e87bad3c948f4d605d) (ScriptedImporter) -> (artifact id: 'fc80fb96e7279e19ca6d4ecf253f766a') in 0.0224705 seconds
Number of updated asset objects reloaded before import = 0Number of asset objects unloaded after import = 1

========================================================================
Received Import Request.
  Time since last request: 0.000053 seconds.
  path: Assets/Unity Assets/ModularFirstPersonController/DemoScene/Gridbox Prototype Materials/Resources/Textures/Prototype Grid/prototype_512x512_green2.png
  artifactKey: Guid(382df89af99b9f2459dd19206e68a63d) Importer(2089858483,b0f066a214c2f5e87bad3c948f4d605d)
Start importing Assets/Unity Assets/ModularFirstPersonController/DemoScene/Gridbox Prototype Materials/Resources/Textures/Prototype Grid/prototype_512x512_green2.png using Guid(382df89af99b9f2459dd19206e68a63d) Importer(2089858483,b0f066a214c2f5e87bad3c948f4d605d) (ScriptedImporter) -> (artifact id: '4d976a1e6219599775e81957b0e1ed86') in 0.0206899 seconds
Number of updated asset objects reloaded before import = 0Number of asset objects unloaded after import = 1

========================================================================
Received Import Request.
  Time since last request: 0.000065 seconds.
  path: Assets/Unity Assets/BTM_Assets/BTM_Items_Gems/Models/SphereGem2.fbx
  artifactKey: Guid(cf22ac9b16eab2b4c8cbccf3b8eddfc4) Importer(2089858483,b0f066a214c2f5e87bad3c948f4d605d)
Start importing Assets/Unity Assets/BTM_Assets/BTM_Items_Gems/Models/SphereGem2.fbx using Guid(cf22ac9b16eab2b4c8cbccf3b8eddfc4) Importer(2089858483,b0f066a214c2f5e87bad3c948f4d605d) (ScriptedImporter) -> (artifact id: 'e23d3662da605da91b1d72436379e291') in 0.0332474 seconds
Number of updated asset objects reloaded before import = 0Number of asset objects unloaded after import = 9

========================================================================
Received Import Request.
  Time since last request: 0.000036 seconds.
  path: Assets/Unity Assets/BTM_Assets/BTM_Items_Gems/Models/SphereGem3.fbx
  artifactKey: Guid(86547782c0ca55f4098b1185db372acc) Importer(2089858483,b0f066a214c2f5e87bad3c948f4d605d)
Start importing Assets/Unity Assets/BTM_Assets/BTM_Items_Gems/Models/SphereGem3.fbx using Guid(86547782c0ca55f4098b1185db372acc) Importer(2089858483,b0f066a214c2f5e87bad3c948f4d605d) (ScriptedImporter) -> (artifact id: '1dced12f73a97d18ac85c7a9ba54e619') in 0.0229185 seconds
Number of updated asset objects reloaded before import = 0Number of asset objects unloaded after import = 9

========================================================================
Received Import Request.
  Time since last request: 0.000051 seconds.
  path: Assets/Unity Assets/TsukyKheeta/Potions/Potions Stroke/LargePotionEmptypng.png
  artifactKey: Guid(2af2e5cc46e05354cbabafe652f3f64b) Importer(2089858483,b0f066a214c2f5e87bad3c948f4d605d)
Start importing Assets/Unity Assets/TsukyKheeta/Potions/Potions Stroke/LargePotionEmptypng.png using Guid(2af2e5cc46e05354cbabafe652f3f64b) Importer(2089858483,b0f066a214c2f5e87bad3c948f4d605d) (ScriptedImporter) -> (artifact id: '16d3e8ebabdaa034c3f1d847b3f4db97') in 0.0183001 seconds
Number of updated asset objects reloaded before import = 0Number of asset objects unloaded after import = 3

========================================================================
Received Import Request.
  Time since last request: 0.000095 seconds.
  path: Assets/Unity Assets/BTM_Assets/BTM_Items_Gems/Models/GreenVial.fbx
  artifactKey: Guid(78c3a76a813d69f4eadc66502083509a) Importer(2089858483,b0f066a214c2f5e87bad3c948f4d605d)
Start importing Assets/Unity Assets/BTM_Assets/BTM_Items_Gems/Models/GreenVial.fbx using Guid(78c3a76a813d69f4eadc66502083509a) Importer(2089858483,b0f066a214c2f5e87bad3c948f4d605d) (ScriptedImporter) -> (artifact id: '590bef543412c7693dcb13be1c951a26') in 0.0254989 seconds
Number of updated asset objects reloaded before import = 0Number of asset objects unloaded after import = 9

========================================================================
Received Import Request.
  Time since last request: 0.000046 seconds.
  path: Assets/Unity Assets/BTM_Assets/BTM_Items_Gems/Models/StarGem2.fbx
  artifactKey: Guid(5139e0164226e30489a3d299aba7e4b2) Importer(2089858483,b0f066a214c2f5e87bad3c948f4d605d)
Start importing Assets/Unity Assets/BTM_Assets/BTM_Items_Gems/Models/StarGem2.fbx using Guid(5139e0164226e30489a3d299aba7e4b2) Importer(2089858483,b0f066a214c2f5e87bad3c948f4d605d) (ScriptedImporter) -> (artifact id: '55f4b2e49546e39d281c82bcb62af96f') in 0.0211178 seconds
Number of updated asset objects reloaded before import = 0Number of asset objects unloaded after import = 9

========================================================================
Received Import Request.
  Time since last request: 0.000042 seconds.
  path: Assets/Unity Assets/BTM_Assets/BTM_Items_Gems/Prefabs/RedPill.prefab
  artifactKey: Guid(159a122a2346fae4fb92f428464c2837) Importer(2089858483,b0f066a214c2f5e87bad3c948f4d605d)
Start importing Assets/Unity Assets/BTM_Assets/BTM_Items_Gems/Prefabs/RedPill.prefab using Guid(159a122a2346fae4fb92f428464c2837) Importer(2089858483,b0f066a214c2f5e87bad3c948f4d605d) (ScriptedImporter) -> (artifact id: '97fa8a4a7f8d0b5ef62d83dca4ffabfd') in 0.0242672 seconds
Number of updated asset objects reloaded before import = 0Number of asset objects unloaded after import = 15

========================================================================
Received Import Request.
  Time since last request: 0.000069 seconds.
  path: Assets/Unity Assets/TsukyKheeta/Potions/Potions Stroke/MediumPotionOrange.png
  artifactKey: Guid(875b17fba59384c469daa4a695b03984) Importer(2089858483,b0f066a214c2f5e87bad3c948f4d605d)
Start importing Assets/Unity Assets/TsukyKheeta/Potions/Potions Stroke/MediumPotionOrange.png using Guid(875b17fba59384c469daa4a695b03984) Importer(2089858483,b0f066a214c2f5e87bad3c948f4d605d) (ScriptedImporter) -> (artifact id: '1ca42ac89d163e3734a2b9e3926e732f') in 0.0172269 seconds
Number of updated asset objects reloaded before import = 0Number of asset objects unloaded after import = 3

========================================================================
Received Import Request.
  Time since last request: 0.000039 seconds.
  path: Assets/Unity Assets/ModularFirstPersonController/DemoScene/Gridbox Prototype Materials/Resources/Materials/Prototype Grid/Prototype_512x512_Grey1.mat
  artifactKey: Guid(c181c23a6120fbe4aadd5bb53a58dd78) Importer(2089858483,b0f066a214c2f5e87bad3c948f4d605d)
Start importing Assets/Unity Assets/ModularFirstPersonController/DemoScene/Gridbox Prototype Materials/Resources/Materials/Prototype Grid/Prototype_512x512_Grey1.mat using Guid(c181c23a6120fbe4aadd5bb53a58dd78) Importer(2089858483,b0f066a214c2f5e87bad3c948f4d605d) (ScriptedImporter) -> (artifact id: '41101406931279abef924a163ac284b3') in 0.0145334 seconds
Number of updated asset objects reloaded before import = 0Number of asset objects unloaded after import = 2

========================================================================
Received Import Request.
  Time since last request: 0.000041 seconds.
  path: Assets/Unity Assets/BTM_Assets/BTM_Items_Gems/Materials/BaseMaterial_Red.mat
  artifactKey: Guid(54c8451b55ffecb48864cfb6ba684d60) Importer(2089858483,b0f066a214c2f5e87bad3c948f4d605d)
Start importing Assets/Unity Assets/BTM_Assets/BTM_Items_Gems/Materials/BaseMaterial_Red.mat using Guid(54c8451b55ffecb48864cfb6ba684d60) Importer(2089858483,b0f066a214c2f5e87bad3c948f4d605d) (ScriptedImporter) -> (artifact id: '457be7a54da1efdcf831862331e57fab') in 0.0138729 seconds
Number of updated asset objects reloaded before import = 0Number of asset objects unloaded after import = 2

========================================================================
Received Import Request.
  Time since last request: 0.000073 seconds.
  path: Assets/Unity Assets/BTM_Assets/BTM_Items_Gems/Models/Trophy.fbx
  artifactKey: Guid(d0958d2a40711a441af583beb71f5bf1) Importer(2089858483,b0f066a214c2f5e87bad3c948f4d605d)
Start importing Assets/Unity Assets/BTM_Assets/BTM_Items_Gems/Models/Trophy.fbx using Guid(d0958d2a40711a441af583beb71f5bf1) Importer(2089858483,b0f066a214c2f5e87bad3c948f4d605d) (ScriptedImporter) -> (artifact id: 'f77c66da54c9aec5d089f7a26611e956') in 0.0523913 seconds
Number of updated asset objects reloaded before import = 0Number of asset objects unloaded after import = 9

========================================================================
Received Import Request.
  Time since last request: 0.000043 seconds.
  path: Assets/Unity Assets/BTM_Assets/BTM_Items_Gems/Prefabs/SpeedChevYellow.prefab
  artifactKey: Guid(84b95e80250efd2408969492c3002afd) Importer(2089858483,b0f066a214c2f5e87bad3c948f4d605d)
Start importing Assets/Unity Assets/BTM_Assets/BTM_Items_Gems/Prefabs/SpeedChevYellow.prefab using Guid(84b95e80250efd2408969492c3002afd) Importer(2089858483,b0f066a214c2f5e87bad3c948f4d605d) (ScriptedImporter) -> (artifact id: '44199ff3fb3a2be9b9e7d60417fa7069') in 0.0336 seconds
Number of updated asset objects reloaded before import = 0Number of asset objects unloaded after import = 15

========================================================================
Received Import Request.
  Time since last request: 0.000053 seconds.
  path: Assets/Unity Assets/ModularFirstPersonController/DemoScene/Gridbox Prototype Materials/Resources/Textures/Prototype Grid/prototype_512x512_blue1.png
  artifactKey: Guid(44cced520ecfd9f4292979a4fe8268c4) Importer(2089858483,b0f066a214c2f5e87bad3c948f4d605d)
Start importing Assets/Unity Assets/ModularFirstPersonController/DemoScene/Gridbox Prototype Materials/Resources/Textures/Prototype Grid/prototype_512x512_blue1.png using Guid(44cced520ecfd9f4292979a4fe8268c4) Importer(2089858483,b0f066a214c2f5e87bad3c948f4d605d) (ScriptedImporter) -> (artifact id: '0cc8a8bc91b71311ab577e9e943d1fe6') in 0.020533 seconds
Number of updated asset objects reloaded before import = 0Number of asset objects unloaded after import = 1

========================================================================
Received Import Request.
  Time since last request: 0.000056 seconds.
  path: Assets/Unity Assets/ModularFirstPersonController/DemoScene/Gridbox Prototype Materials/Resources/Textures/Prototype Grid/prototype_512x512_blue2.png
  artifactKey: Guid(17198718c5735204999fb13dc36e290f) Importer(2089858483,b0f066a214c2f5e87bad3c948f4d605d)
Start importing Assets/Unity Assets/ModularFirstPersonController/DemoScene/Gridbox Prototype Materials/Resources/Textures/Prototype Grid/prototype_512x512_blue2.png using Guid(17198718c5735204999fb13dc36e290f) Importer(2089858483,b0f066a214c2f5e87bad3c948f4d605d) (ScriptedImporter) -> (artifact id: '40b0aac3cea92adb1e5b28cde4a1c4d9') in 0.0231571 seconds
Number of updated asset objects reloaded before import = 0Number of asset objects unloaded after import = 1

========================================================================
Received Import Request.
  Time since last request: 0.000041 seconds.
  path: Assets/Unity Assets/ModularFirstPersonController/DemoScene/Gridbox Prototype Materials/Resources/Textures/Prototype Grid/prototype_512x512_grey2.png
  artifactKey: Guid(37920ac3813690349a856bbe19a86e2b) Importer(2089858483,b0f066a214c2f5e87bad3c948f4d605d)
Start importing Assets/Unity Assets/ModularFirstPersonController/DemoScene/Gridbox Prototype Materials/Resources/Textures/Prototype Grid/prototype_512x512_grey2.png using Guid(37920ac3813690349a856bbe19a86e2b) Importer(2089858483,b0f066a214c2f5e87bad3c948f4d605d) (ScriptedImporter) -> (artifact id: 'd6c9d939d0b9706785f480e836e4391c') in 0.0194683 seconds
Number of updated asset objects reloaded before import = 0Number of asset objects unloaded after import = 1

========================================================================
Received Import Request.
  Time since last request: 0.000034 seconds.
  path: Assets/Unity Assets/TsukyKheeta/Potions/Potions Stroke/MediumPotionYellow.png
  artifactKey: Guid(e74de04611dd13249901884ca82ba46c) Importer(2089858483,b0f066a214c2f5e87bad3c948f4d605d)
Start importing Assets/Unity Assets/TsukyKheeta/Potions/Potions Stroke/MediumPotionYellow.png using Guid(e74de04611dd13249901884ca82ba46c) Importer(2089858483,b0f066a214c2f5e87bad3c948f4d605d) (ScriptedImporter) -> (artifact id: '0c28ae660bb5c2cabff6df0b57c468c3') in 0.0209797 seconds
Number of updated asset objects reloaded before import = 0Number of asset objects unloaded after import = 3

========================================================================
Received Import Request.
  Time since last request: 0.000053 seconds.
  path: Assets/Unity Assets/BTM_Assets/BTM_Items_Gems/Models/GreenPill.fbx
  artifactKey: Guid(4cf0ddf15379a1e4683e83a660034947) Importer(2089858483,b0f066a214c2f5e87bad3c948f4d605d)
Start importing Assets/Unity Assets/BTM_Assets/BTM_Items_Gems/Models/GreenPill.fbx using Guid(4cf0ddf15379a1e4683e83a660034947) Importer(2089858483,b0f066a214c2f5e87bad3c948f4d605d) (ScriptedImporter) -> (artifact id: '0e44d09b0de06da6335fd76509387f1d') in 0.0223198 seconds
Number of updated asset objects reloaded before import = 0Number of asset objects unloaded after import = 9

========================================================================
Received Import Request.
  Time since last request: 0.000032 seconds.
  path: Assets/Unity Assets/TsukyKheeta/Potions/Potions Stroke/MediumPotionPink.png
  artifactKey: Guid(469e683c06447de4099fd06bdff83e7e) Importer(2089858483,b0f066a214c2f5e87bad3c948f4d605d)
Start importing Assets/Unity Assets/TsukyKheeta/Potions/Potions Stroke/MediumPotionPink.png using Guid(469e683c06447de4099fd06bdff83e7e) Importer(2089858483,b0f066a214c2f5e87bad3c948f4d605d) (ScriptedImporter) -> (artifact id: '85be0f7bd0757042a5d947980d6851d3') in 0.0189384 seconds
Number of updated asset objects reloaded before import = 0Number of asset objects unloaded after import = 3

========================================================================
Received Import Request.
  Time since last request: 0.000038 seconds.
  path: Assets/Unity Assets/BTM_Assets/BTM_Items_Gems/Prefabs/GreenPotion.prefab
  artifactKey: Guid(a610c52de611e244dbe9b6a800cf193b) Importer(2089858483,b0f066a214c2f5e87bad3c948f4d605d)
Start importing Assets/Unity Assets/BTM_Assets/BTM_Items_Gems/Prefabs/GreenPotion.prefab using Guid(a610c52de611e244dbe9b6a800cf193b) Importer(2089858483,b0f066a214c2f5e87bad3c948f4d605d) (ScriptedImporter) -> (artifact id: '2874d03472e414a77e29f17c521ccde3') in 0.0199339 seconds
Number of updated asset objects reloaded before import = 0Number of asset objects unloaded after import = 15

========================================================================
Received Import Request.
  Time since last request: 0.000041 seconds.
  path: Assets/Unity Assets/ModularFirstPersonController/DemoScene/Gridbox Prototype Materials/Resources/Materials/Prototype Grid/Prototype_512x512_Red.mat
  artifactKey: Guid(5a26de236ce89e94b963be8fa2b7ade6) Importer(2089858483,b0f066a214c2f5e87bad3c948f4d605d)
Start importing Assets/Unity Assets/ModularFirstPersonController/DemoScene/Gridbox Prototype Materials/Resources/Materials/Prototype Grid/Prototype_512x512_Red.mat using Guid(5a26de236ce89e94b963be8fa2b7ade6) Importer(2089858483,b0f066a214c2f5e87bad3c948f4d605d) (ScriptedImporter) -> (artifact id: '5c57ec1e28a48bd5a7a169b937cad763') in 0.0119283 seconds
Number of updated asset objects reloaded before import = 0Number of asset objects unloaded after import = 2

========================================================================
Received Import Request.
  Time since last request: 0.000070 seconds.
  path: Assets/Unity Assets/TsukyKheeta/Potions/Potions Stroke/SmallPotionPink.png
  artifactKey: Guid(1ac9a185c6fcc694faa00060583e9425) Importer(2089858483,b0f066a214c2f5e87bad3c948f4d605d)
Start importing Assets/Unity Assets/TsukyKheeta/Potions/Potions Stroke/SmallPotionPink.png using Guid(1ac9a185c6fcc694faa00060583e9425) Importer(2089858483,b0f066a214c2f5e87bad3c948f4d605d) (ScriptedImporter) -> (artifact id: 'd84907ec9e323164092d1a47af7e6604') in 0.0236777 seconds
Number of updated asset objects reloaded before import = 0Number of asset objects unloaded after import = 3

========================================================================
Received Import Request.
  Time since last request: 0.000034 seconds.
  path: Assets/Unity Assets/BTM_Assets/BTM_Items_Gems/Models/HeartGem.fbx
  artifactKey: Guid(8975fa6f14038f640a09d7c1f619c1e5) Importer(2089858483,b0f066a214c2f5e87bad3c948f4d605d)
Start importing Assets/Unity Assets/BTM_Assets/BTM_Items_Gems/Models/HeartGem.fbx using Guid(8975fa6f14038f640a09d7c1f619c1e5) Importer(2089858483,b0f066a214c2f5e87bad3c948f4d605d) (ScriptedImporter) -> (artifact id: 'a56fb2f32e046627e013fc4770665c0d') in 0.0243393 seconds
Number of updated asset objects reloaded before import = 0Number of asset objects unloaded after import = 9

========================================================================
Received Import Request.
  Time since last request: 0.000052 seconds.
  path: Assets/Unity Assets/BTM_Assets/BTM_Items_Gems/Models/SpeedChev.fbx
  artifactKey: Guid(64a927c80033db0409b71cfd8df5461a) Importer(2089858483,b0f066a214c2f5e87bad3c948f4d605d)
Start importing Assets/Unity Assets/BTM_Assets/BTM_Items_Gems/Models/SpeedChev.fbx using Guid(64a927c80033db0409b71cfd8df5461a) Importer(2089858483,b0f066a214c2f5e87bad3c948f4d605d) (ScriptedImporter) -> (artifact id: '2466d9aa82b33eb50ee3116fa7fe7681') in 0.0199177 seconds
Number of updated asset objects reloaded before import = 0Number of asset objects unloaded after import = 9

========================================================================
Received Import Request.
  Time since last request: 0.000114 seconds.
  path: Assets/Unity Assets/ModularFirstPersonController/DemoScene/Gridbox Prototype Materials/Resources/ProBuilder Data/Prototype Materials.asset
  artifactKey: Guid(bf95d34ab83b5ac40911f9e77a91a236) Importer(2089858483,b0f066a214c2f5e87bad3c948f4d605d)
Start importing Assets/Unity Assets/ModularFirstPersonController/DemoScene/Gridbox Prototype Materials/Resources/ProBuilder Data/Prototype Materials.asset using Guid(bf95d34ab83b5ac40911f9e77a91a236) Importer(2089858483,b0f066a214c2f5e87bad3c948f4d605d) (ScriptedImporter) -> (artifact id: 'dc8661dc1968c0a8024bf99291cab386') in 0.0088097 seconds
Number of updated asset objects reloaded before import = 0Number of asset objects unloaded after import = 1

========================================================================
Received Import Request.
  Time since last request: 0.000057 seconds.
  path: Assets/Unity Assets/BTM_Assets/BTM_Items_Gems/Models/RedPill.fbx
  artifactKey: Guid(15d91f53302e333468b01c993b22cad7) Importer(2089858483,b0f066a214c2f5e87bad3c948f4d605d)
Start importing Assets/Unity Assets/BTM_Assets/BTM_Items_Gems/Models/RedPill.fbx using Guid(15d91f53302e333468b01c993b22cad7) Importer(2089858483,b0f066a214c2f5e87bad3c948f4d605d) (ScriptedImporter) -> (artifact id: '8e4d177adb3f4cd8b5b93555d5b521dd') in 0.0292159 seconds
Number of updated asset objects reloaded before import = 0Number of asset objects unloaded after import = 9

========================================================================
Received Import Request.
  Time since last request: 0.000084 seconds.
  path: Assets/Unity Assets/BTM_Assets/BTM_Items_Gems/Prefabs/Star.prefab
  artifactKey: Guid(f4872b50e9e39e3469946219b9ee754b) Importer(2089858483,b0f066a214c2f5e87bad3c948f4d605d)
Start importing Assets/Unity Assets/BTM_Assets/BTM_Items_Gems/Prefabs/Star.prefab using Guid(f4872b50e9e39e3469946219b9ee754b) Importer(2089858483,b0f066a214c2f5e87bad3c948f4d605d) (ScriptedImporter) -> (artifact id: '7d310908154a7eacf1e3740460acdbce') in 0.0227181 seconds
Number of updated asset objects reloaded before import = 0Number of asset objects unloaded after import = 15

========================================================================
Received Import Request.
  Time since last request: 0.000060 seconds.
  path: Assets/Unity Assets/TsukyKheeta/Potions/Potions Stroke/SmallPotionTurquoise.png
  artifactKey: Guid(f9fd35dd32d5a334198a062117a81489) Importer(2089858483,b0f066a214c2f5e87bad3c948f4d605d)
Start importing Assets/Unity Assets/TsukyKheeta/Potions/Potions Stroke/SmallPotionTurquoise.png using Guid(f9fd35dd32d5a334198a062117a81489) Importer(2089858483,b0f066a214c2f5e87bad3c948f4d605d) (ScriptedImporter) -> (artifact id: '1ec4eee7f061ddd85b24cdead9c2000c') in 0.020942 seconds
Number of updated asset objects reloaded before import = 0Number of asset objects unloaded after import = 3

========================================================================
Received Import Request.
  Time since last request: 0.000046 seconds.
  path: Assets/Unity Assets/TsukyKheeta/Potions/Potions no Stroke/LargePotionTurquoise.png
  artifactKey: Guid(4509b71d253aad04a864c7d2e3b53978) Importer(2089858483,b0f066a214c2f5e87bad3c948f4d605d)
Start importing Assets/Unity Assets/TsukyKheeta/Potions/Potions no Stroke/LargePotionTurquoise.png using Guid(4509b71d253aad04a864c7d2e3b53978) Importer(2089858483,b0f066a214c2f5e87bad3c948f4d605d) (ScriptedImporter) -> (artifact id: 'ad2807631ac7288ee0ee66d9e4df230d') in 0.0273408 seconds
Number of updated asset objects reloaded before import = 0Number of asset objects unloaded after import = 3

========================================================================
Received Import Request.
  Time since last request: 0.000047 seconds.
  path: Assets/Unity Assets/BTM_Assets/BTM_Items_Gems/Models/4SideDiamond.fbx
  artifactKey: Guid(05224ec7e4d85c14dbf345dd08810e67) Importer(2089858483,b0f066a214c2f5e87bad3c948f4d605d)
Start importing Assets/Unity Assets/BTM_Assets/BTM_Items_Gems/Models/4SideDiamond.fbx using Guid(05224ec7e4d85c14dbf345dd08810e67) Importer(2089858483,b0f066a214c2f5e87bad3c948f4d605d) (ScriptedImporter) -> (artifact id: '7813dfa2c6fafe279cd175176e969279') in 0.0271352 seconds
Number of updated asset objects reloaded before import = 0Number of asset objects unloaded after import = 9

========================================================================
Received Import Request.
  Time since last request: 0.000073 seconds.
  path: Assets/Unity Assets/BTM_Assets/BTM_Items_Gems/Models/Shield.fbx
  artifactKey: Guid(e9820a790af8497409d7cab84e2403b4) Importer(2089858483,b0f066a214c2f5e87bad3c948f4d605d)
Start importing Assets/Unity Assets/BTM_Assets/BTM_Items_Gems/Models/Shield.fbx using Guid(e9820a790af8497409d7cab84e2403b4) Importer(2089858483,b0f066a214c2f5e87bad3c948f4d605d) (ScriptedImporter) -> (artifact id: '83bc1714a4555aefdde8b4188ae43ec5') in 0.0348441 seconds
Number of updated asset objects reloaded before import = 0Number of asset objects unloaded after import = 9

========================================================================
Received Import Request.
  Time since last request: 0.000058 seconds.
  path: Assets/Unity Assets/BTM_Assets/BTM_Items_Gems/Models/StarGem1.fbx
  artifactKey: Guid(d9cb743b0a3cd534d914c3021e8c4020) Importer(2089858483,b0f066a214c2f5e87bad3c948f4d605d)
Start importing Assets/Unity Assets/BTM_Assets/BTM_Items_Gems/Models/StarGem1.fbx using Guid(d9cb743b0a3cd534d914c3021e8c4020) Importer(2089858483,b0f066a214c2f5e87bad3c948f4d605d) (ScriptedImporter) -> (artifact id: '402e8f7a4f6a726901c3ca00efa767a3') in 0.0335313 seconds
Number of updated asset objects reloaded before import = 0Number of asset objects unloaded after import = 9

========================================================================
Received Import Request.
  Time since last request: 30.594213 seconds.
  path: Assets/UI/Icons/Pause 1.png
  artifactKey: Guid(c3ab6314ed8a9174e957d5f24e378e73) Importer(815301076,1909f56bfc062723c751e8b465ee728b)
Start importing Assets/UI/Icons/Pause 1.png using Guid(c3ab6314ed8a9174e957d5f24e378e73) Importer(815301076,1909f56bfc062723c751e8b465ee728b) (PreviewImporter) -> (artifact id: 'cde9518e80b817e26850217defd6ed62') in 0.2797938 seconds
Number of updated asset objects reloaded before import = 0Number of asset objects unloaded after import = 3

========================================================================
Received Import Request.
  Time since last request: 490.028836 seconds.
  path: Assets/Prefabs/Pickup.prefab
  artifactKey: Guid(161e3216b3154ed4d8a1a0cdbc5d5e41) Importer(815301076,1909f56bfc062723c751e8b465ee728b)
Start importing Assets/Prefabs/Pickup.prefab using Guid(161e3216b3154ed4d8a1a0cdbc5d5e41) Importer(815301076,1909f56bfc062723c751e8b465ee728b) (PreviewImporter) -> (artifact id: '1fe8639738674196a366d30ca4bbd50a') in 55.0859017 seconds
Number of updated asset objects reloaded before import = 0Number of asset objects unloaded after import = 21

========================================================================
Received Prepare
Begin MonoManager ReloadAssembly
[Licensing::Client] Successfully resolved entitlement details
- Loaded All Assemblies, in  6.939 seconds
Refreshing native plugins compatible for Editor in 5.94 ms, found 3 plugins.
Native extension for WindowsStandalone target not found
Native extension for WebGL target not found
[Package Manager] Failed to launch server process. Reason: Unity was launched with the -noUpm command-line argument
[Package Manager] Unable to send message (not connected to server process).
[Package Manager] Cannot connect to Unity Package Manager local server
ScheduleIndexationOnStartup MainProcess:False IndexOnStartup:True
Mono: successfully reloaded assembly
- Finished resetting the current domain, in  1.741 seconds
Domain Reload Profiling: 8719ms
	BeginReloadAssembly (3662ms)
		ExecutionOrderSort (4ms)
		DisableScriptedObjects (674ms)
		BackupInstance (0ms)
		ReleaseScriptingObjects (12ms)
		CreateAndSetChildDomain (1655ms)
	RebuildCommonClasses (105ms)
	RebuildNativeTypeToScriptingClass (27ms)
	initialDomainReloadingComplete (127ms)
	LoadAllAssembliesAndSetupDomain (3056ms)
		LoadAssemblies (2559ms)
		RebuildTransferFunctionScriptingTraits (0ms)
		AnalyzeDomain (1001ms)
			TypeCache.Refresh (44ms)
				TypeCache.ScanAssembly (0ms)
			BuildScriptInfoCaches (851ms)
			ResolveRequiredComponents (37ms)
	FinalizeReload (1743ms)
		ReleaseScriptCaches (0ms)
		RebuildScriptCaches (0ms)
		SetupLoadedEditorAssemblies (1356ms)
			LogAssemblyErrors (0ms)
			InitializePlatformSupportModulesInManaged (5ms)
			SetLoadedEditorAssemblies (8ms)
			BeforeProcessingInitializeOnLoad (310ms)
			ProcessInitializeOnLoadAttributes (835ms)
			ProcessInitializeOnLoadMethodAttributes (177ms)
			AfterProcessingInitializeOnLoad (20ms)
			EditorAssembliesLoaded (0ms)
		ExecutionOrderSort2 (0ms)
		AwakeInstancesAfterBackupRestoration (44ms)
Refreshing native plugins compatible for Editor in 2.18 ms, found 3 plugins.
Preloading 0 native plugins for Editor in 0.00 ms.
Unloading 16 Unused Serialized files (Serialized files now loaded: 0)
Unloading 6428 unused Assets / (3.1 MB). Loaded Objects now: 7301.
Memory consumption went from 157.5 MB to 154.4 MB.
Total: 22.944500 ms (FindLiveObjects: 2.396300 ms CreateObjectMapping: 0.969800 ms MarkObjects: 16.700600 ms  DeleteObjects: 2.874000 ms)

Prepare: number of updated asset objects reloaded= 0
========================================================================
Received Prepare
Begin MonoManager ReloadAssembly
[Licensing::Client] Successfully resolved entitlement details
- Loaded All Assemblies, in  1.830 seconds
Refreshing native plugins compatible for Editor in 5.77 ms, found 3 plugins.
Native extension for WindowsStandalone target not found
Native extension for WebGL target not found
[Package Manager] Failed to launch server process. Reason: Unity was launched with the -noUpm command-line argument
[Package Manager] Unable to send message (not connected to server process).
[Package Manager] Cannot connect to Unity Package Manager local server
ScheduleIndexationOnStartup MainProcess:False IndexOnStartup:True
Mono: successfully reloaded assembly
- Finished resetting the current domain, in  2.879 seconds
Domain Reload Profiling: 4711ms
	BeginReloadAssembly (490ms)
		ExecutionOrderSort (0ms)
		DisableScriptedObjects (17ms)
		BackupInstance (0ms)
		ReleaseScriptingObjects (0ms)
		CreateAndSetChildDomain (119ms)
	RebuildCommonClasses (75ms)
	RebuildNativeTypeToScriptingClass (18ms)
	initialDomainReloadingComplete (58ms)
	LoadAllAssembliesAndSetupDomain (1186ms)
		LoadAssemblies (933ms)
		RebuildTransferFunctionScriptingTraits (0ms)
		AnalyzeDomain (477ms)
			TypeCache.Refresh (25ms)
				TypeCache.ScanAssembly (0ms)
			BuildScriptInfoCaches (424ms)
			ResolveRequiredComponents (20ms)
	FinalizeReload (2884ms)
		ReleaseScriptCaches (0ms)
		RebuildScriptCaches (0ms)
		SetupLoadedEditorAssemblies (2500ms)
			LogAssemblyErrors (0ms)
			InitializePlatformSupportModulesInManaged (5ms)
			SetLoadedEditorAssemblies (13ms)
			BeforeProcessingInitializeOnLoad (814ms)
			ProcessInitializeOnLoadAttributes (1370ms)
			ProcessInitializeOnLoadMethodAttributes (265ms)
			AfterProcessingInitializeOnLoad (32ms)
			EditorAssembliesLoaded (1ms)
		ExecutionOrderSort2 (0ms)
		AwakeInstancesAfterBackupRestoration (50ms)
Refreshing native plugins compatible for Editor in 3.33 ms, found 3 plugins.
Preloading 0 native plugins for Editor in 0.00 ms.
Unloading 16 Unused Serialized files (Serialized files now loaded: 0)
Unloading 6426 unused Assets / (3.5 MB). Loaded Objects now: 7304.
Memory consumption went from 157.1 MB to 153.6 MB.
Total: 13.504600 ms (FindLiveObjects: 1.556300 ms CreateObjectMapping: 0.769700 ms MarkObjects: 8.607600 ms  DeleteObjects: 2.567100 ms)

Prepare: number of updated asset objects reloaded= 0
========================================================================
Received Prepare
Begin MonoManager ReloadAssembly
[Licensing::Client] Successfully resolved entitlement details
- Loaded All Assemblies, in  1.526 seconds
Refreshing native plugins compatible for Editor in 1.88 ms, found 3 plugins.
Native extension for WindowsStandalone target not found
Native extension for WebGL target not found
[Package Manager] Failed to launch server process. Reason: Unity was launched with the -noUpm command-line argument
[Package Manager] Unable to send message (not connected to server process).
[Package Manager] Cannot connect to Unity Package Manager local server
ScheduleIndexationOnStartup MainProcess:False IndexOnStartup:True
Mono: successfully reloaded assembly
- Finished resetting the current domain, in  1.579 seconds
Domain Reload Profiling: 3095ms
	BeginReloadAssembly (456ms)
		ExecutionOrderSort (0ms)
		DisableScriptedObjects (16ms)
		BackupInstance (0ms)
		ReleaseScriptingObjects (0ms)
		CreateAndSetChildDomain (116ms)
	RebuildCommonClasses (72ms)
	RebuildNativeTypeToScriptingClass (25ms)
	initialDomainReloadingComplete (68ms)
	LoadAllAssembliesAndSetupDomain (892ms)
		LoadAssemblies (696ms)
		RebuildTransferFunctionScriptingTraits (0ms)
		AnalyzeDomain (380ms)
			TypeCache.Refresh (12ms)
				TypeCache.ScanAssembly (0ms)
			BuildScriptInfoCaches (343ms)
			ResolveRequiredComponents (18ms)
	FinalizeReload (1581ms)
		ReleaseScriptCaches (0ms)
		RebuildScriptCaches (0ms)
		SetupLoadedEditorAssemblies (1287ms)
			LogAssemblyErrors (0ms)
			InitializePlatformSupportModulesInManaged (3ms)
			SetLoadedEditorAssemblies (8ms)
			BeforeProcessingInitializeOnLoad (268ms)
			ProcessInitializeOnLoadAttributes (838ms)
			ProcessInitializeOnLoadMethodAttributes (152ms)
			AfterProcessingInitializeOnLoad (18ms)
			EditorAssembliesLoaded (1ms)
		ExecutionOrderSort2 (0ms)
		AwakeInstancesAfterBackupRestoration (33ms)
Refreshing native plugins compatible for Editor in 3.00 ms, found 3 plugins.
Preloading 0 native plugins for Editor in 0.00 ms.
Unloading 16 Unused Serialized files (Serialized files now loaded: 0)
Unloading 6426 unused Assets / (3.3 MB). Loaded Objects now: 7307.
Memory consumption went from 157.2 MB to 153.9 MB.
Total: 12.135000 ms (FindLiveObjects: 0.860100 ms CreateObjectMapping: 0.778200 ms MarkObjects: 7.440700 ms  DeleteObjects: 3.053600 ms)

Prepare: number of updated asset objects reloaded= 0
========================================================================
Received Prepare
Begin MonoManager ReloadAssembly
[Licensing::Client] Successfully resolved entitlement details
- Loaded All Assemblies, in  1.826 seconds
Refreshing native plugins compatible for Editor in 1.28 ms, found 3 plugins.
Native extension for WindowsStandalone target not found
Native extension for WebGL target not found
[Package Manager] Failed to launch server process. Reason: Unity was launched with the -noUpm command-line argument
[Package Manager] Unable to send message (not connected to server process).
[Package Manager] Cannot connect to Unity Package Manager local server
ScheduleIndexationOnStartup MainProcess:False IndexOnStartup:True
Mono: successfully reloaded assembly
- Finished resetting the current domain, in  2.233 seconds
Domain Reload Profiling: 4060ms
	BeginReloadAssembly (593ms)
		ExecutionOrderSort (0ms)
		DisableScriptedObjects (22ms)
		BackupInstance (0ms)
		ReleaseScriptingObjects (0ms)
		CreateAndSetChildDomain (127ms)
	RebuildCommonClasses (64ms)
	RebuildNativeTypeToScriptingClass (21ms)
	initialDomainReloadingComplete (62ms)
	LoadAllAssembliesAndSetupDomain (1083ms)
		LoadAssemblies (779ms)
		RebuildTransferFunctionScriptingTraits (0ms)
		AnalyzeDomain (488ms)
			TypeCache.Refresh (14ms)
				TypeCache.ScanAssembly (0ms)
			BuildScriptInfoCaches (439ms)
			ResolveRequiredComponents (25ms)
	FinalizeReload (2237ms)
		ReleaseScriptCaches (0ms)
		RebuildScriptCaches (0ms)
		SetupLoadedEditorAssemblies (1631ms)
			LogAssemblyErrors (0ms)
			InitializePlatformSupportModulesInManaged (9ms)
			SetLoadedEditorAssemblies (15ms)
			BeforeProcessingInitializeOnLoad (364ms)
			ProcessInitializeOnLoadAttributes (961ms)
			ProcessInitializeOnLoadMethodAttributes (251ms)
			AfterProcessingInitializeOnLoad (31ms)
			EditorAssembliesLoaded (1ms)
		ExecutionOrderSort2 (0ms)
		AwakeInstancesAfterBackupRestoration (105ms)
Refreshing native plugins compatible for Editor in 7.15 ms, found 3 plugins.
Preloading 0 native plugins for Editor in 0.00 ms.
Unloading 16 Unused Serialized files (Serialized files now loaded: 0)
Unloading 6426 unused Assets / (2.1 MB). Loaded Objects now: 7310.
Memory consumption went from 157.2 MB to 155.2 MB.
Total: 50.891100 ms (FindLiveObjects: 5.111800 ms CreateObjectMapping: 2.577300 ms MarkObjects: 35.174600 ms  DeleteObjects: 8.024100 ms)

Prepare: number of updated asset objects reloaded= 0
========================================================================
Received Prepare
Begin MonoManager ReloadAssembly
[Licensing::Client] Successfully resolved entitlement details
- Loaded All Assemblies, in  5.285 seconds
Refreshing native plugins compatible for Editor in 7.44 ms, found 3 plugins.
Native extension for WindowsStandalone target not found
Native extension for WebGL target not found
[Package Manager] Failed to launch server process. Reason: Unity was launched with the -noUpm command-line argument
[Package Manager] Unable to send message (not connected to server process).
[Package Manager] Cannot connect to Unity Package Manager local server
ScheduleIndexationOnStartup MainProcess:False IndexOnStartup:True
Mono: successfully reloaded assembly
- Finished resetting the current domain, in  1.745 seconds
Domain Reload Profiling: 7064ms
	BeginReloadAssembly (2165ms)
		ExecutionOrderSort (1ms)
		DisableScriptedObjects (169ms)
		BackupInstance (0ms)
		ReleaseScriptingObjects (14ms)
		CreateAndSetChildDomain (610ms)
	RebuildCommonClasses (120ms)
	RebuildNativeTypeToScriptingClass (59ms)
	initialDomainReloadingComplete (115ms)
	LoadAllAssembliesAndSetupDomain (2860ms)
		LoadAssemblies (2547ms)
		RebuildTransferFunctionScriptingTraits (0ms)
		AnalyzeDomain (839ms)
			TypeCache.Refresh (40ms)
				TypeCache.ScanAssembly (0ms)
			BuildScriptInfoCaches (713ms)
			ResolveRequiredComponents (42ms)
	FinalizeReload (1746ms)
		ReleaseScriptCaches (0ms)
		RebuildScriptCaches (0ms)
		SetupLoadedEditorAssemblies (1221ms)
			LogAssemblyErrors (0ms)
			InitializePlatformSupportModulesInManaged (10ms)
			SetLoadedEditorAssemblies (11ms)
			BeforeProcessingInitializeOnLoad (363ms)
			ProcessInitializeOnLoadAttributes (702ms)
			ProcessInitializeOnLoadMethodAttributes (121ms)
			AfterProcessingInitializeOnLoad (13ms)
			EditorAssembliesLoaded (1ms)
		ExecutionOrderSort2 (0ms)
		AwakeInstancesAfterBackupRestoration (30ms)
Refreshing native plugins compatible for Editor in 1.69 ms, found 3 plugins.
Preloading 0 native plugins for Editor in 0.00 ms.
Unloading 16 Unused Serialized files (Serialized files now loaded: 0)
Unloading 6426 unused Assets / (3.2 MB). Loaded Objects now: 7313.
Memory consumption went from 157.2 MB to 154.0 MB.
Total: 15.848500 ms (FindLiveObjects: 2.093200 ms CreateObjectMapping: 0.877700 ms MarkObjects: 10.364800 ms  DeleteObjects: 2.507600 ms)

Prepare: number of updated asset objects reloaded= 0
========================================================================
Received Prepare
Begin MonoManager ReloadAssembly
[Licensing::Client] Successfully resolved entitlement details
- Loaded All Assemblies, in  7.486 seconds
Refreshing native plugins compatible for Editor in 1.62 ms, found 3 plugins.
Native extension for WindowsStandalone target not found
Native extension for WebGL target not found
[Package Manager] Failed to launch server process. Reason: Unity was launched with the -noUpm command-line argument
[Package Manager] Unable to send message (not connected to server process).
[Package Manager] Cannot connect to Unity Package Manager local server
ScheduleIndexationOnStartup MainProcess:False IndexOnStartup:True
Mono: successfully reloaded assembly
- Finished resetting the current domain, in  2.055 seconds
Domain Reload Profiling: 9543ms
	BeginReloadAssembly (2328ms)
		ExecutionOrderSort (0ms)
		DisableScriptedObjects (278ms)
		BackupInstance (0ms)
		ReleaseScriptingObjects (8ms)
		CreateAndSetChildDomain (804ms)
	RebuildCommonClasses (167ms)
	RebuildNativeTypeToScriptingClass (36ms)
	initialDomainReloadingComplete (178ms)
	LoadAllAssembliesAndSetupDomain (4779ms)
		LoadAssemblies (4398ms)
		RebuildTransferFunctionScriptingTraits (0ms)
		AnalyzeDomain (934ms)
			TypeCache.Refresh (79ms)
				TypeCache.ScanAssembly (0ms)
			BuildScriptInfoCaches (782ms)
			ResolveRequiredComponents (45ms)
	FinalizeReload (2056ms)
		ReleaseScriptCaches (0ms)
		RebuildScriptCaches (0ms)
		SetupLoadedEditorAssemblies (1698ms)
			LogAssemblyErrors (0ms)
			InitializePlatformSupportModulesInManaged (8ms)
			SetLoadedEditorAssemblies (21ms)
			BeforeProcessingInitializeOnLoad (562ms)
			ProcessInitializeOnLoadAttributes (933ms)
			ProcessInitializeOnLoadMethodAttributes (159ms)
			AfterProcessingInitializeOnLoad (14ms)
			EditorAssembliesLoaded (1ms)
		ExecutionOrderSort2 (0ms)
		AwakeInstancesAfterBackupRestoration (32ms)
Refreshing native plugins compatible for Editor in 2.09 ms, found 3 plugins.
Preloading 0 native plugins for Editor in 0.00 ms.
Unloading 16 Unused Serialized files (Serialized files now loaded: 0)
Unloading 6426 unused Assets / (3.3 MB). Loaded Objects now: 7316.
Memory consumption went from 157.3 MB to 154.0 MB.
Total: 12.288800 ms (FindLiveObjects: 0.666900 ms CreateObjectMapping: 0.534800 ms MarkObjects: 8.537700 ms  DeleteObjects: 2.546400 ms)

Prepare: number of updated asset objects reloaded= 0
========================================================================
Received Import Request.
  Time since last request: 3922.389789 seconds.
  path: Assets/Settings/Mobile_Renderer.asset
  artifactKey: Guid(65bc7dbf4170f435aa868c779acfb082) Importer(815301076,1909f56bfc062723c751e8b465ee728b)
Start importing Assets/Settings/Mobile_Renderer.asset using Guid(65bc7dbf4170f435aa868c779acfb082) Importer(815301076,1909f56bfc062723c751e8b465ee728b) (PreviewImporter) -> (artifact id: 'd246be45d650b496251a8b2536b3002f') in 0.131146 seconds
Number of updated asset objects reloaded before import = 0Number of asset objects unloaded after import = 1

========================================================================
Received Import Request.
  Time since last request: 0.000105 seconds.
  path: Assets/Settings/UniversalRenderPipelineGlobalSettings.asset
  artifactKey: Guid(18dc0cd2c080841dea60987a38ce93fa) Importer(815301076,1909f56bfc062723c751e8b465ee728b)
Start importing Assets/Settings/UniversalRenderPipelineGlobalSettings.asset using Guid(18dc0cd2c080841dea60987a38ce93fa) Importer(815301076,1909f56bfc062723c751e8b465ee728b) (PreviewImporter) -> (artifact id: '680867777f4f7a6df8012366e2af334d') in 0.003034 seconds
Number of updated asset objects reloaded before import = 0Number of asset objects unloaded after import = 0

========================================================================
Received Import Request.
  Time since last request: 0.000063 seconds.
  path: Assets/Settings/SampleSceneProfile.asset
  artifactKey: Guid(10fc4df2da32a41aaa32d77bc913491c) Importer(815301076,1909f56bfc062723c751e8b465ee728b)
Start importing Assets/Settings/SampleSceneProfile.asset using Guid(10fc4df2da32a41aaa32d77bc913491c) Importer(815301076,1909f56bfc062723c751e8b465ee728b) (PreviewImporter) -> (artifact id: 'b72c935079ba95563e246d02d57d535f') in 0.0039718 seconds
Number of updated asset objects reloaded before import = 0Number of asset objects unloaded after import = 0

========================================================================
Received Import Request.
  Time since last request: 0.000044 seconds.
  path: Assets/Settings/Mobile_RPAsset.asset
  artifactKey: Guid(5e6cbd92db86f4b18aec3ed561671858) Importer(815301076,1909f56bfc062723c751e8b465ee728b)
Start importing Assets/Settings/Mobile_RPAsset.asset using Guid(5e6cbd92db86f4b18aec3ed561671858) Importer(815301076,1909f56bfc062723c751e8b465ee728b) (PreviewImporter) -> (artifact id: '35029fca16126051b743c6202393d166') in 0.0052721 seconds
Number of updated asset objects reloaded before import = 0Number of asset objects unloaded after import = 2

========================================================================
Received Import Request.
  Time since last request: 8.192085 seconds.
  path: Assets/Prefabs/Environment/grass_large.prefab
  artifactKey: Guid(c3643e276710abf49a4f12083ae9671e) Importer(815301076,1909f56bfc062723c751e8b465ee728b)
Start importing Assets/Prefabs/Environment/grass_large.prefab using Guid(c3643e276710abf49a4f12083ae9671e) Importer(815301076,1909f56bfc062723c751e8b465ee728b) (PreviewImporter) -> (artifact id: '72d7f34993a01b080f6224e789fc5d18') in 6.3316033 seconds
Number of updated asset objects reloaded before import = 0Number of asset objects unloaded after import = 16

========================================================================
Received Import Request.
  Time since last request: 0.000090 seconds.
  path: Assets/Prefabs/Environment/pine-crooked.prefab
  artifactKey: Guid(866e2a7d6c2360c48a1b196aef0e1e2e) Importer(815301076,1909f56bfc062723c751e8b465ee728b)
Start importing Assets/Prefabs/Environment/pine-crooked.prefab using Guid(866e2a7d6c2360c48a1b196aef0e1e2e) Importer(815301076,1909f56bfc062723c751e8b465ee728b) (PreviewImporter) -> (artifact id: '0f551f45170c87d577a475f90a96dc29') in 0.0443803 seconds
Number of updated asset objects reloaded before import = 0Number of asset objects unloaded after import = 18

========================================================================
Received Import Request.
  Time since last request: 6.850051 seconds.
  path: Assets/Prefabs/Gate/iron-fence-border-column.prefab
  artifactKey: Guid(4dd633fac06f2b746a04a5485ac47fcc) Importer(815301076,1909f56bfc062723c751e8b465ee728b)
Start importing Assets/Prefabs/Gate/iron-fence-border-column.prefab using Guid(4dd633fac06f2b746a04a5485ac47fcc) Importer(815301076,1909f56bfc062723c751e8b465ee728b) (PreviewImporter) -> (artifact id: 'c9142f312a2afefc0b4d2e358a866970') in 0.0679167 seconds
Number of updated asset objects reloaded before import = 0Number of asset objects unloaded after import = 17

========================================================================
Received Import Request.
  Time since last request: 0.000059 seconds.
  path: Assets/Prefabs/Gate/pillar-square.prefab
  artifactKey: Guid(df7de96ac1ebb594ba522c69b17b5269) Importer(815301076,1909f56bfc062723c751e8b465ee728b)
Start importing Assets/Prefabs/Gate/pillar-square.prefab using Guid(df7de96ac1ebb594ba522c69b17b5269) Importer(815301076,1909f56bfc062723c751e8b465ee728b) (PreviewImporter) -> (artifact id: 'dc0fc8a0f1d10e989d41705f7604108d') in 0.0643148 seconds
Number of updated asset objects reloaded before import = 0Number of asset objects unloaded after import = 17

========================================================================
Received Import Request.
  Time since last request: 0.000056 seconds.
  path: Assets/Prefabs/Gate/stone-wall-curve.prefab
  artifactKey: Guid(bca4b1d12d0d4c84ab2327dbdbfecfb3) Importer(815301076,1909f56bfc062723c751e8b465ee728b)
Start importing Assets/Prefabs/Gate/stone-wall-curve.prefab using Guid(bca4b1d12d0d4c84ab2327dbdbfecfb3) Importer(815301076,1909f56bfc062723c751e8b465ee728b) (PreviewImporter) -> (artifact id: '2c1e4e9188e9a54efa1fcff419dbc89f') in 0.0353648 seconds
Number of updated asset objects reloaded before import = 0Number of asset objects unloaded after import = 17

========================================================================
Received Import Request.
  Time since last request: 0.000040 seconds.
  path: Assets/Prefabs/Gate/stone-wall.prefab
  artifactKey: Guid(70d42b03569b22949a5dcf5cac476ed1) Importer(815301076,1909f56bfc062723c751e8b465ee728b)
Start importing Assets/Prefabs/Gate/stone-wall.prefab using Guid(70d42b03569b22949a5dcf5cac476ed1) Importer(815301076,1909f56bfc062723c751e8b465ee728b) (PreviewImporter) -> (artifact id: '1d2a0db05989dfa9dba09688f6f5c234') in 0.0237328 seconds
Number of updated asset objects reloaded before import = 0Number of asset objects unloaded after import = 17

========================================================================
Received Import Request.
  Time since last request: 0.733180 seconds.
  path: Assets/Prefabs/Characters/Enemy.prefab
  artifactKey: Guid(201ff63a1d58344488722c8f3fa44fc2) Importer(815301076,1909f56bfc062723c751e8b465ee728b)
Start importing Assets/Prefabs/Characters/Enemy.prefab using Guid(201ff63a1d58344488722c8f3fa44fc2) Importer(815301076,1909f56bfc062723c751e8b465ee728b) (PreviewImporter) -> (artifact id: 'f7112e8bc10ca219d19d090e42f425e3') in 0.0429211 seconds
Number of updated asset objects reloaded before import = 0Number of asset objects unloaded after import = 76

========================================================================
Received Import Request.
  Time since last request: 0.580489 seconds.
  path: Assets/Prefabs/Crypts/crypt.prefab
  artifactKey: Guid(1ba1a8432184fcb48bdfebf91d405d45) Importer(815301076,1909f56bfc062723c751e8b465ee728b)
Start importing Assets/Prefabs/Crypts/crypt.prefab using Guid(1ba1a8432184fcb48bdfebf91d405d45) Importer(815301076,1909f56bfc062723c751e8b465ee728b) (PreviewImporter) -> (artifact id: '367b83ac2f316f17e99dd3bf5a065cdc') in 0.0272552 seconds
Number of updated asset objects reloaded before import = 0Number of asset objects unloaded after import = 17

========================================================================
Received Import Request.
  Time since last request: 0.000057 seconds.
  path: Assets/Prefabs/Crypts/CryptHouseSmall.prefab
  artifactKey: Guid(4cc144dcbaad91248b2b1e40060459e2) Importer(815301076,1909f56bfc062723c751e8b465ee728b)
Start importing Assets/Prefabs/Crypts/CryptHouseSmall.prefab using Guid(4cc144dcbaad91248b2b1e40060459e2) Importer(815301076,1909f56bfc062723c751e8b465ee728b) (PreviewImporter) -> (artifact id: '771700f0898092ef9ec584a8b8364dad') in 0.0317167 seconds
Number of updated asset objects reloaded before import = 0Number of asset objects unloaded after import = 31

========================================================================
Received Prepare
Begin MonoManager ReloadAssembly
[Licensing::Client] Successfully resolved entitlement details
- Loaded All Assemblies, in  3.518 seconds
Refreshing native plugins compatible for Editor in 3.47 ms, found 3 plugins.
Native extension for WindowsStandalone target not found
Native extension for WebGL target not found
[Package Manager] Failed to launch server process. Reason: Unity was launched with the -noUpm command-line argument
[Package Manager] Unable to send message (not connected to server process).
[Package Manager] Cannot connect to Unity Package Manager local server
ScheduleIndexationOnStartup MainProcess:False IndexOnStartup:True
Mono: successfully reloaded assembly
- Finished resetting the current domain, in  2.607 seconds
Domain Reload Profiling: 6161ms
	BeginReloadAssembly (850ms)
		ExecutionOrderSort (0ms)
		DisableScriptedObjects (69ms)
		BackupInstance (0ms)
		ReleaseScriptingObjects (1ms)
		CreateAndSetChildDomain (261ms)
	RebuildCommonClasses (105ms)
	RebuildNativeTypeToScriptingClass (32ms)
	initialDomainReloadingComplete (85ms)
	LoadAllAssembliesAndSetupDomain (2480ms)
		LoadAssemblies (1710ms)
		RebuildTransferFunctionScriptingTraits (0ms)
		AnalyzeDomain (1093ms)
			TypeCache.Refresh (31ms)
				TypeCache.ScanAssembly (0ms)
			BuildScriptInfoCaches (993ms)
			ResolveRequiredComponents (34ms)
	FinalizeReload (2609ms)
		ReleaseScriptCaches (0ms)
		RebuildScriptCaches (0ms)
		SetupLoadedEditorAssemblies (1967ms)
			LogAssemblyErrors (0ms)
			InitializePlatformSupportModulesInManaged (8ms)
			SetLoadedEditorAssemblies (20ms)
			BeforeProcessingInitializeOnLoad (541ms)
			ProcessInitializeOnLoadAttributes (1139ms)
			ProcessInitializeOnLoadMethodAttributes (235ms)
			AfterProcessingInitializeOnLoad (24ms)
			EditorAssembliesLoaded (1ms)
		ExecutionOrderSort2 (0ms)
		AwakeInstancesAfterBackupRestoration (79ms)
Refreshing native plugins compatible for Editor in 5.56 ms, found 3 plugins.
Preloading 0 native plugins for Editor in 0.00 ms.
Unloading 16 Unused Serialized files (Serialized files now loaded: 0)
Unloading 6427 unused Assets / (2.8 MB). Loaded Objects now: 7339.
Memory consumption went from 157.6 MB to 154.8 MB.
Total: 22.841000 ms (FindLiveObjects: 0.847400 ms CreateObjectMapping: 1.206100 ms MarkObjects: 16.409400 ms  DeleteObjects: 4.373500 ms)

Prepare: number of updated asset objects reloaded= 0
Editor requested this worker to shutdown with reason: Scaling down because of idle timeout
AssetImportWorker is now disconnected from the server
Process exiting
Exiting without the bug reporter. Application will terminate with return code 0